5000	FD01DISP
5001	FD01TAC04
5002	SC01EMER
5004	FD01TAC01
5005	01FIRE18
5006	FD01TAC02
5008	FD01TA
5009	01EMS100
5011	01EMS200
5012	01EMS300
5013	01EMS218
5014	01FIRE11
5015	01FIRE12
5016	01EMS10
5017	01FIRE15
5018	01FIRE16
5019	01FIRE17
5020	01FIRE19
5021	01FIRE20
5505	LACP
5508	LIMA FIRE
5509	02-EAST
5511	LIMA PD
5512	02-OPS1
5515	02-OPS2
5517	LPD JAIL
5518	02-OPS3
5521	02-WEST
5522	DELPHOS FD
5523	LFD TAC
5530	02-OPS4
5532	02SHWTWP FD
5534	02-OPS5
5536	SPENCER EMS
5538	02SHWTWP PD
5542	SC02EMER
6002	03ASPDSP
6015	AFD0301
6021	FD03DISP
6501	EM04008
6502	FD04WRT
6503	FD04DSP
6505	AD04008
6506	PD04DISP
6507	FD04TAC1
6508	NKNG-PD
6509	EM04010
6511	FD04TAC2
6513	AD04010
6515	FD04TAC3
6517	EM04012
6518	EM04006
6520	FD04TAC4
6521	AD04012
6522	AD04006
6524	FD04TAC5
6526	FD04TAC6
6527	EMS04TC1
6528	04ORVILG
6529	GOTL FD
6530	WTWPFD
6531	GENEVAPD
6533	GOTL PS
7001	NLSNVL FIRE
7007	ATHENS FD
7008	HAPCAP 1
7014	HAPCAP 2
7018	05EMSDISP
7019	ALBANY PD
7020	ATHENS PD
7022	NLSNVL PD
7025	HOCK COLG PD
7026	OUATHPD DSP
7035	OUATHPD TAC
7521	PD06DISP
8007	SUNHTS BUP
8044	SHDYSD BUP
8500	CMD08-1
8501	FD08DISP
8503	ABE-08
8504	CMD08-2
8505	FG08-1
8506	PD08TC1
8508	CMD08-3
8509	FG08-2
8511	GEO-08
8512	CO08-OPS
8513	FD08OPS
8517	SO08DISP
8518	08FD25L
8522	LAKWYN
8536	RUSS PD
8543	ENG-08
8547	FG08-3
8552	FG08-4
8556	08FD85L
8561	08FD35L
8563	08FD75L
8566	08FD45L
8570	08FD95L
8578	08FD15L
9000	09 HELP
9001	09 Event 01
9002	09 Event 02
9003	09 Event 03
9004	09 Event 04
9005	09 MA  05
9006	09 MA  06
9007	09 MA  07
9008	09 MA  08
9009	09 MA  09
9010	09 MA  10
9011	09 MA  11
9012	09 MA  12
9013	09 MA  13
9014	09 MA  14
9015	09 MA  15
9016	09 MA  16
9017	09 ODNR
9018	09 IPSAP
9020	09 CALL
9021	09 TALK
9040	09 LE INFO
9044	09 JAIL Call
9057	09 BRICS 1
9060	09 FD INFO
9065	09 FIRE 05
9066	09 FIRE 06
9067	09 FIRE 07
9068	09 FIRE 08
9069	09 FIRE 09
9070	09 FIRE 10
9071	09 FIRE 11
9072	09 FIRE 12
9073	09 FIRE 13
9074	09 FIRE 14
9075	09 FIRE 15
9076	09 FIRE 16
9077	09 EMA 5
9079	09-9 DELTA
9081	09 ER TALK
9082	09 ATRIUM
9083	09 BETH BC
9084	09 FRT HAM
9085	09 LIB CHLD
9086	09 MERCY
9087	09 McHYDE
9088	09 WCHOSP
9089	09 CHRIST
9090	09 KETTERING
9091	09 HOSP 11
9092	HSR 3-MCI
9093	HSR 6-MCI
9095	09 ER ANNC
9101	09 FD 10
9102	09 FD 20
9103	09 FD 30
9104	09 FD 40
9105	09 FD 50
9106	09 FD 60
9107	09 FD 70
9108	09 FD 80
9110	09 FD 100
9111	09 FD 110
9112	09 FD 120
9113	09 FD 130
9114	09 FD 140
9115	09 FD 150
9116	09 FD 160
9117	09 FD 170
9118	09 FD 180
9119	09 FD 190
9120	09 FD 200
9121	09 FD 210
9122	09 FD 220
9123	09 FD 230
9130	09-9 BRAVO
9131	09-1F Main
9133	09-3F Main
9135	09-5F Main
9136	09-6F Main
9137	09-7F Main
9138	09-8F Main
9139	09-9 ALPHA
9149	09 FD DISP
9159	09 FD OPS 3
9170	09-9 TANGO
9171	09 KHN SOUTH
9173	09-3L Main
9174	09-4L Main
9175	09-5L Main
9176	09-6L Main
9177	09-7L Main
9178	09-8L Main
9179	09-9 ZULU
9180	09-9 ECHO
9210	09SD FAIRFLD
9211	09SD HAMLTN
9212	09SD LAKOTA
9213	09SD MADISON
9214	09SD MIDLTWN
9215	09SD MONROE
9216	09SD NEW MIA
9217	09SD ROSS
9218	09SD CLG CRN
9219	09SD BTLR TE
9220	09SD TALAWND
9229	09-9 CALL
9232	09-31 ACB
9251	09-1 Wide
9252	09-2 Wide
9253	09-3 Wide
9254	09-4 Wide
9255	09-5 Wide
9256	09-6 Wide
9257	09-7 Wide
9258	09-8 Wide
9259	09-9 Wide
9260	09-10 Wide
9261	09-11 Wide
9262	09-12 Wide
9263	09-13 Wide
9264	09-14 Wide
9265	09-15 Wide
9266	09-16 Wide
9267	09-17 Wide
9268	09-18 Wide
9269	09-19 Wide
9270	09-20 Wide
9271	09-21 Wide
9272	09-22 Wide
9275	09-25 Wide
9281	09 CORONER
9285	09-9P OPS4
9358	09 BCC 03
9359	09 BCC 04
9360	09 BCEO 02
9361	09 BCEO 03
9362	09 BCEO 04
9363	09 BCEO 5
9364	09 BCEO 6
9365	09-21 TWP 2
9366	09-21 TWP 3
9367	09-21 TWP 5
9368	09-21 TWP 6
9369	09-21 TWP 7
9370	09-18 Twp 2
9371	09-18 Twp 3
9372	09-18 Twp 5
9373	09-18 Twp 6
9374	09-18 Twp 7
9375	09-11 Twp 2
9376	09-11 Twp 3
9377	09-11 Twp 5
9378	09-11 Twp 6
9379	09-11 Twp 7
9380	09-15 Twp 2
9381	09-15 Twp 3
9382	09-15 Twp 5
9383	09-15 Twp 6
9384	09-15 Twp 7
9385	09-14 Twp 2
9386	09-14 Twp 3
9387	09-14 Twp 5
9388	09-14 Twp 6
9389	09-14 Twp 7
9390	09-13 Twp 2
9391	09-13 Twp 3
9392	09-13 Twp 5
9393	09-13 Twp 6
9394	09-13 Twp 7
9395	09-12 Twp 2
9396	09-12 Twp 3
9397	09-12 Twp 5
9398	09-12 Twp 6
9399	09-12 Twp 7
9400	09-7 MAIN
9401	09-7 TWP 2
9402	09-7 TWP 3
9403	09-7 TWP 5
9404	09-7 TWP 6
9405	09-7 TWP 7
9406	09-7 TWP 8
9407	09-7 TWP 9
9408	09-3 MAIN
9409	09-3 CITY 2
9410	09-3 CITY 3
9411	09-3 CITY 5
9412	09-3 CITY 6
9413	09-3 CITY 7
9414	09-3 CITY 8
9415	09-3 CITY9
9416	09-8 MAIN
9417	09-8 CITY 2
9418	09-8 CITY 3
9419	09-8 CITY 5
9420	09-8 CITY 6
9421	09-8 CITY 7
9422	09-8 CITY 8
9423	09-8 CITY 9
9432	09-1 MAIN
9433	09-1 CITY 2
9434	09-1 CITY 3
9435	09-1 CITY 5
9436	09-1 CITY 6
9437	09-1 CITY 7
9438	09-1 CITY 8
9439	09-1 CITY 9
9448	09-4 UNIV
9449	09-4 UNIV 6
9450	09-4 UNIV
9451	09-4 UNV PKG
9452	09-4 UNIV
9453	09-4 UNIV
9454	09-4 UNIV
9455	09-4 UNIV
9456	09-4 UNIV
9457	09-CS MID
9458	09 PP 01
9459	09 PP 02
9460	09 PP 03
9461	09 PP 04
9463	09 MSC 01
9464	09 MSC 02
9465	09 MSC 03
9466	09 MSC 04
9467	09 TA 01
9468	09 TA 02
9469	09 TA 03
9470	09 TA 04
9472	09-2 CITY 2
9473	09-2 CITY 3
9475	09-2 CITY 5
9476	09-2 CITY 6
9477	09-2 CITY 7
9478	09-2 CITY 8
9480	09-98 WIDE
9481	09-1 TRVL
9482	09-2 TRVL
9483	09-3 TRVL
9484	09-4 TRVL
9485	09-5 TRVL
9486	09-6 TRVL
9487	09-7 TRVL
9488	09-8 TRVL
9489	09-9 TRVL
9500	FD10TAC
9504	LE10TAC
9507	SC10EMER
9511	SO10OPS1
10100	11 MERCY
10282	SO11TAC1
10283	FD11DISP
10285	URBANA FD
10286	FD11OPS
10288	FD11 FG4
10289	FD11 FG5
10294	FD11 FG6
10296	FD11 FG7
10297	FD11 FG8
10298	SO11DISP
10299	FD11 FG9
10327	SC11EMER
10500	12CWTAC
10501	12SPDISP
10502	12FDDSP2
10505	12FDTC13
10507	CLARKPG1
10508	SC12EMER
10515	12FDTC14
10516	12SRMC
10517	12SFRDIS
10518	12SFRTC2
10519	12SODISP
10520	12SFRTC3
10521	12SFRTC4
10522	12SFRTC5
10523	12FDTC15
10525	12FDDSP1
10529	12FDTC16
10531	12WITTPD
10532	12SPSERV
10533	12SFLDTK
10534	12SPWTP
10535	12SPWWTP
10536	12SPFAC
10537	12SPUTBILL
10538	12SPFLCW
10539	12SPAIRP
10540	12SP911
10541	12FD50DSP
11501	14FIREDISP
11502	14WILMFD
11503	14FIRE HAIL
11504	14 FCTA
11505	WLM MAYDAY  
11507	14FG04
11508	14FG05
11509	14FG06
11510	14FG07
11511	14FG08
11512	14FG09
11517	14FG14
11518	14FG15
11519	14FG16
11520	14FG17
11521	14FG18
11522	14FG19
11526	14 WFD MAYDAY
11527	14MAYDAY
11531	FD14DIST1
11532	FD14DIST2
11533	FD14DIST3
11534	FD14DIST4
11535	FD14DIST5
11536	FD14DIST6
11537	FD14DIST7
11538	FD14DIST8
11539	FD14DIST9
11540	EMS14DIST8
11543	14BLNCFD2
11544	14BLNCEMS2
11545	14 CHSTRTWP FD
11546	14 CLINT-HIGH FD
11547	14 CWJFD/EMS
11548	14 BLAN-MAR FD
11549	14 MART-CLARK FD
11550	14 PORTWILL FD
11552	EMS14OPS
11553	14 PD HELP
11554	14 AIRPORT FD
11560	14WILMPD
11561	SO14DSP
11562	LE14DSP
11563	14 BLAN PD
11564	14 SABINA PD
11565	14 NVIENNA PD
11573	14 PD DET
11574	14 LE ADMIN
11575	14 TAC 1
11576	14 TAC 2
11577	14 TAC 3
11578	14 CO DET
11579	14 SO DET
11581	14 AW 3
11582	14 AW 4
11583	14 AW 5
11584	14 AW 6
11585	14 HAILING
11590	14 EMA
11591	14 COURT
11592	14 JUV PRO
11593	14 ADULT PRO
11594	14 CORONER
11595	14 MUNICIPAL
11600	14 M AID 01
11601	14 M AID 02
11602	14 M AID 03
11603	14 M AID 04
11604	14 M AID 05
11605	14 M AID 06
11606	14 M AID 07
11607	14 M AID 08
11608	14 M AID 09
11609	14 M AID 10
11610	14 M AID 11
11612	14 COMM
11613	14 EVENT
11614	14 EMERGENCY
11620	14 ENGINEERS
11621	14 TWP ROAD
11622	14 WIL STRT
11630	CLI-MAS SD TXP
12002	TRI-CNTY AMB
12003	ELIVRFD
12006	LEETONIA PD
12012	PERRYTWP PD
12020	SC15EMER
12023	CO15DTF2
12500	EM16DISP
12502	CO16ENG
12505	EM16OPS
12509	FD16CFD
12511	EM16OPS2
12513	16RESCUE
12519	WALHNDG
12525	FD16DISP
12527	COSHSCH
12529	FD16TC1
12532	16FD03TC
12540	FD16TC2
12545	FD16TC3
13006	BFD DISP
13014	FD100DISP
13025	FD17DISP
13030	PE-BUCY
13032	FD300DISP
13500	EASTCOM2
13501	18 MTAC-1
13502	CLVHTS
13503	WestCom1
13504	GCRTA RAILCTRL
13505	UHFD
13507	SHKRHTFD
13508	18 MTAC-2
13509	WestCom2
13511	GCRTA MAIN
13512	18 MTAC-3
13514	WestCom3
13515	MAYVILFD
13516	HILLA
13518	18 MTAC-4
13520	GATSMLS
13521	18 MTAC-5
13526	18 MTAC-6
13527	GCRTA PD EVENT
13528	18 MTAC-7
13534	18 MTAC-8
13537	BWOOD FD
13538	18 MTAC-9
13539	HIL-PD1
13541	HNORTH
13542	HIL-PD2
13543	GCRTA PD TAC 1
13544	HIL-PD3
13545	18 MTAC-10
13546	HSOUTH
13547	HIL-PD4
13548	SEDISP
13549	HIL-PD5
13550	GCRTA PD TAC 2
13551	18-HAZ-1
13553	18-HAZ-2
13555	18-HAZ-3
13557	18-HAZ-4
13559	18-HAZ-5
13560	GCRTA TRISKETT
13561	METROLZ
13562	EASTCOM
13563	FVPKADM
13564	STAGING
13565	GCRTA YARD
13569	GCRTA RMX
13570	Lakewood PD
13571	RckyRvr PD4
13572	METROFCO
13573	GCRTA HAYDEN
13574	LKWDADMN
13578	GCRTA PARATRAN
13579	WestlakePD 3
13580	NASA-GLN
13582	WS Law Tac3
13583	WSLKADMN
13585	GCRTA OPS 1
13586	NOlmsted PD4
13587	CLE-LF-AIR
13589	GCRTA OPS 2
13591	NOlm PD 3
13592	CPL SEC DSP
13593	GCRTA SUPER 1
13597	CLE-LF-DISP
13598	FairvwPkPD 3
13599	GCRTA OPS 3
13600	CPL SEC OPS
13606	GCRTA OPS 4
13607	BayVlg PD 3
13609	HighHlsPTac
13611	WS Law Disp
13615	GCRTA SUPER 2
13617	RckyRvrCSD
13619	WS Law Tac2
13624	Bchwd PPike PD
13629	EUCFD1
13634	SPNMAIN
13644	SPNTRF2
13650	WEBDISP
13651	SPNTRF3
13652	EUCFD2
13658	WEBTAC1
13660	SPAN Tac 1
13664	EUCFD3
13665	RHPD 1
13666	BchwdSchEmerg
13668	SPAN Tac 2
13670	RHPD 2
13672	WL Schl Emerg
13673	WHSD Sch Emerg
13696	WarrHgts PD1
13700	WarrHgts PD2
13704	WHFD1
13709	EASTCOM FD PAGE
13711	OrangeFDPage
13712	ChagrinFDPage
13713	GatesMillsFDPage
13714	EuclidFDPage
13716	SolonFDPage
13717	HHillsFDPage
13718	WoodmereFDPage
13719	NRandallFDPage
13721	BedfordFDPage
13722	MapleHgtsFDPage
13724	LyndhurstFDPAge
14044	SolonPD Tac1
14096	CC-AIR
14208	WSTHAZ
14211	WSTRIT
14470	CVD W PD 1
14471	CVD FTAC 1
14472	CVD FTAC 2
14473	CVD W PD 2
14474	CVD FTAC 3
14476	CVD FTAC 4
14477	Lkwd PD Ops
14478	CVD FTAC 5
14481	Lkwd PD Tac
14483	SLN-DISP
14484	Lkwd PD Tac3
14488	Lkwd PD Event
14489	CVPDTAC1 
14490	Solon-GW PD
14492	CHAGPD1
14493	CVPDTAC2 
14494	CHAGFD1
14495	Solon PD 2
14497	CVPDTAC3
14498	CHAGPD2
14501	19COFDIS
14502	19SODISP
14504	19GRNVFD
14506	19GPD
14510	19TAC12
14512	19TAC13
14513	DARKEPG1
14514	19TAC14
14516	19IPSAP
14517	19 WAYNE
14518	SC19EMER
14520	19TRVRPG
14521	19ARCRPG
15003	DEF CITY FDISP
15004	20DPD-DISP
15006	SO20TAC
15008	FD20DISP
15009	FD20TAC1
15010	FD20TAC2
15011	FD20TAC3
15012	20HPD-DISP
15014	SO20DISP
16501	SO23DISP
16502	23FIRE1
16503	SO23TAC1
16505	SO23TAC2
16506	23FIRE2
16507	FD23DISP
16509	23-PPD 1
16510	23FIRE3
16511	23EMS 1
16514	23-PPD 2
16517	PEASI-LANC
17004	24FG01
17008	24FG500
17012	24FIRE
17014	24EMS
17015	24TRANSIT
17020	24ENG1
17026	24FG100
17027	24FG200
17032	24FG300
17034	24FG400
17500	25COMSVC
17501	MEDFLT
17508	MFHELI1
17510	MEDCARE1
17512	MFHELI2
17514	MEDCARE2
17515	GAH DISP
17517	MFHELI3
17518	MHMT DISP
17520	MFMICU
17522	MF TAC1
17523	GAH EVT
17525	MF GND2
17535	GAH PTL
17536	CSCC PD
17540	CS-TAC1
17542	REDCRS02
17545	CS-TAC2
17546	MEDCARE3
17548	BXPDDISP
17551	MEDCARE4
17552	BXPDTAC1
17555	REDCRS04
17556	BXPDTAC2
17562	WHPDDSP
17563	NAPD-DSP
17568	WHPDTC1
17569	RED X SEC
17570	NAPD-EVT
17571	GHPD-DSP
17572	WHPDEVT
17576	WHPDTC2
17578	GHP-TAC1
17580	NAPD-TAC
17584	GHP-TAC2
17587	COIRS DET
17588	BRICE
17607	SC25EM2
19007	RIOGRD PD 1
19016	GALLIA BASE
19020	GALLI PD 1
19023	SO27TAC1
19500	28PD C2C
19501	CHRDNPD
19503	BNBRGPD
19504	28GCSO
19505	28PD
19506	SRUSLPD
19507	28CNTY
19508	28-JAIL
19509	28CNTY2
19510	28TAC-1
19511	28TAC-2
19512	28TAC-3
19513	28TAC-4
19514	28TAC-5
19515	28TAC-6
19516	28TAC-7
19517	28TAC-8
19520	CHRDNFD
19521	H/M/TFD
19522	BU/NEFD
19523	MIDILFFD
19524	BNBRGFD
19525	A/P/TFD
19526	CHESTFD
19527	MU/RUFD
19530	GeaugaMC ER
19533	28EMA-1
19534	28EMA-2
19535	28 ALL TALK
19536	MetznbaumCtr
19537	WGeaugaSch
19538	BerkshireSch
19539	CardinalSch
19540	ChardonSch
19541	LedgemontSch
19542	Kenston LSD
19543	Newbury LSD
19545	ChstrlndSvcs
19547	28 Transit 1
19548	28 Transit 2
19551	28Red Cross
19553	ChardTwpPW
19555	HambdenPW
19556	MunsonTwpPW
19559	GPARKRGR A
19560	HLDARBPD A
19561	HLDARBPD B
19562	BNBRGPD A
19563	BNBRGPD B
19564	CHRDNPD A
19565	CHRDNPD B
19566	SRUSLPD A
19567	SRUSLPD B
19568	MIDILFPD A
19569	MIDILFPD B
19570	BURTONPD A
19571	BURTONPD B
19572	CHEST PD A
19573	CHEST PD B
19574	RUSSELLPD A
19575	RUSSELLPD B
19576	THMPSN PD A
19577	THMPSN PD B
19578	28GCSO A
19579	28GCSO B
19582	MIDILFFD A
19583	MIDILFFD B
19584	P/T FD A
19585	P/T FD B
19586	THMPSNFD A
19587	THMPSNFD B
19588	MNTVLFD A
19589	MNTVLFD B
19590	HMBDNFD A
19591	HMBDNFD B
19592	CHEST FD A
19593	CHEST FD B
19594	CHRDNFD A
19595	CHRDNFD B
19596	BNBRGFD A
19597	BNBRGFD B
19600	AUBURNFD A
19601	AUBURNFD B
19602	NEWBRYFD A
19603	NEWBRYFD B
19604	MUNSONFD A
19605	MUNSONFD B
19606	TROYFD B
19607	28FIU
19608	X28RadSvc
19610	ParkmanRds
19612	28 Engineer
19633	ThompTwpPW
20073	29SODIS
20076	29SOOPS1
20077	HOS2903
20085	29 CW 1
20089	29LETAC1
20092	29F TAC 1
20095	29LETAC2
20100	29F TAC 2
20102	29 CW 2
20103	29F TAC 3
20104	29LETAC3
20105	29 CW 3
20106	29GFEDIS
20107	29F TAC 4
20108	29LETAC4
20109	29 CW 4
20110	29F TAC 5
20111	29PRKOP1
20114	29F TAC 6
20116	29PRKMNT
20117	29F TAC 7
20118	29PRKNAT
20119	29 BVFDIS
20120	29 FTAC 8
20121	29BVSDIS
20122	29GFWDIS
20123	29PRKPRG
20124	29F TAC 9
20125	29BVFOP1
20126	29F TAC 10
20127	29BBFOP1
20128	29BVFPRV
20129	29F TAC 11
20130	29BVSOP1
20131	CTF OPS1
20132	29F TAC 12
20133	29BVPDIS
20134	29F TAC 13
20135	29FBFDISP
20137	29F TAC 14
20138	29FBFOP1
20139	29BBFOP2
20140	29SO-SD
20141	29F TAC 15
20142	29STFOP1
20143	29F TAC 16
20144	29SBPDIS
20145	29FBFOP2
20152	29FBPDIS
20153	29BLPADM
20155	29GRSDIS
20157	29BBSOP1
20161	29CSUOP1
20163	29XCFDIS
20164	29YSPDIS
20165	29CSUDIS
20166	29STPADM
20167	29XCFOP1
20168	29YSPOP1
20169	29XCSOP1
20170	29XCFOP2
20171	29YSPOP2
20172	29XTFOP1
20173	29XCPDISP
20174	29STSOP1
20176	29YSPADM
20177	29XTFOP2
20179	29JTPOP1
20181	29JTFOP1
20182	29MTFOP1
20183	29NJFOP1
20184	29WILOP1
20185	29SCFOP1
20186	29SVFOP1
20190	WSUDISP
20192	29AMLCNTL
20200	CUSAFETY
20206	29GMH ER
20208	WSUSRV1
20210	29SOIN
20212	WSUSRV2
20500	BYESVL-SENECA PD
20501	SO30DISP
20505	SO30TAC1
20508	SO30JAIL
20510	SC30EMER
20512	FD30DISP
20515	FD30OPS1
20516	30 CPD EVENT
20517	FD30OPS4
20518	BYESVL FD
20519	FD30OPS2
20521	UNITED AMB
20522	CAMBRG FD
20524	FD30OPS3
20527	CMBLND EMS
20531	FD30OPS5
20532	GURFDPG
21003	XAIRCAR1
21006	AIRCARE1
21008	XAIRCAR2
21010	AD31E200
21012	XAIRCAR3
21014	CC31E200
21018	UCMOBCARE
21019	SE31E200
21021	31 FD EAST
21022	31 FD WEST
21023	31 FD CENT
21024	31 VAL FD
21028	31 ALERT WEST
21029	31 FG 4
21030	31 FG 5
21031	31 FG 6
21032	31 FG 7
21033	31 FG 8
21034	31 FG 9
21035	31 FG 10
21036	31 MAYDY 1
21038	31 ALERT EAST
21039	31 FG 14
21040	31 FG 15
21041	31 FG 16
21042	31 FG 17
21043	31 FG 18
21044	31 FG 19
21045	31 FG 20
21046	31 FG 21
21047	31 FG 22
21048	31 STORM W
21049	31 STORM E
21050	31 NOTIFY
21051	31 FG 26
21052	31 MAYDY 2
21053	31 FD ADMIN
21054	31 HOSPITAL
21071	31 LE EAST
21072	31 LE WEST
21073	31 LE CENT
21074	31 LE SPAR
21077	31 LE TAG E
21078	31 LE TAG W
21079	31 LE TAG C
21083	31 AW 1
21084	31 AW 2
21085	31 AW 3
21086	31 AW 4
21087	31 AW 5
21088	31 AW 6
21089	31 AW 7
21090	31 AW 8
21091	31 AW 9
21092	31 AW 10
21093	31 AW 11
21094	31 AW 12
21095	31 AW 13
21096	31 AW 14
21097	31 AW 15
21098	31 AW 16
21099	31 AW 17
21100	31 AW 18
21101	31 AW 19
21102	31 AW 20
21103	31 AW 21
21104	31 AW 22
21105	31 AW 23
21106	31 AW 24
21107	31 AW 25
21108	31 AW 26
21109	31 LE ADMIN
21110	31 LE INQ
21127	31 ADDY PD
21128	31 ADDY PD 2
21129	31 ADDY PD 3
21133	31 PROB ISP
21134	31 PROB EMU
21135	31 PROB GEN
21136	31 AMBR PD
21137	31 AMBR FD
21138	31 AMBR 3
21139	31 ARC 1
21140	31 ARC 2
21141	31 ARC 3
21142	31 ANDR FD
21143	31 ANDR FD2
21144	31 ANDRN SVC
21145	31 ANDP 1
21146	31 ANDP 2
21147	31 ANDP 3
21148	31 ARLN PD
21149	31 ARLN FD
21150	31 ARLN SVC
21154	31 BAILIFF 1
21155	31 BAILIFF 2
21156	31 BAILIFF 3
21157	31 BLUE PD
21158	31 BLUE FD
21159	31 BLUE CTY
21160	31 HEALTH 1
21161	31 HEALTH 2
21162	31 HEALTH 3
21166	31 CHEV PD
21167	31 CHEV FD
21168	31 CHEV SVC
21179	31 CLVS PD
21180	31 CLEV FD
21181	31 CLEV SVC
21182	31 COTP PD
21183	31 COTP FD
21184	31 COTP SVC
21188	31 COM 1A
21189	31 COM 1B
21190	31 COM 1C
21191	31 CORO 1
21192	31 CORO 2
21193	31 CORO 3
21194	31 COR JAX
21195	31 CERT
21196	31 COR ALL
21197	31 CROS FD
21198	31 CROS ALL
21199	31 CROS OFF
21200	31 DPSJ FD
21201	31 DRPK PD
21202	31 DRPK SVC
21203	31 DLHI PD
21204	31 DLHI FD
21205	31 DLHI SVC
21209	31 ELMW PD
21210	31 ELMW FD
21211	31 ELMW SVC
21212	31 EMA 1
21213	31 EMA 2
21214	31 EMA 3
21215	31 ENGR 1
21216	31 ENGR 2
21217	31 ENGR 3
21218	31 ENGR 4
21219	31 ENGR 5
21225	31 EVEN PD
21226	31 EVEN FD
21227	31 EVEN SVC
21228	31HCFD 1
21229	31HCFD 2
21230	31HCFD 3
21231	31 FRFX PD 1
21232	31 FRFX PD 2
21233	31 LMFR FD
21234	31 FRPK PD
21235	31 FRPK FD
21236	31 FRPK SVC
21237	31 GLEN PD
21238	31 GLEN PD 2
21239	31 GLEN FD
21240	31 GOLF PD
21241	31 GOLF FD
21242	31 GOLF PD 2
21243	31 GCHM CMD
21244	31 GCHM TAC
21245	31 GCHM ALL
21246	31 GRTP PD
21247	31 GRTP FD
21248	31 GRTPWIDE
21249	31 GREN PD
21250	31 GREN FD
21251	31 GREN 3
21252	31 HARR PD
21253	31 HARR FD
21254	31 HARR SVC
21258	31 INDN PD
21259	31 INDN PD 2
21260	31 INDN SVC
21261	31 JFS MAINT
21262	31 JFS SEC
21263	31 JFS MA T/A
21264	31 JUVCRT 1
21265	31 JUVCRT 2
21266	31 JUVCRT 3
21267	31 LINC PD
21268	31 LINC FD
21269	31 LINC SVC
21270	31 LOCK PD
21271	31 LOCK FD
21272	31 LOCK SVC
21276	31 MDRA PD
21277	31 MDRA SVC
21278	31 MDIH FD
21279	31 MRMT PD
21280	31 MRMT FD
21281	31 MRMT SVC
21282	31 MSD 1
21283	31 MSD 2
21284	31 MSD 3
21285	31 MSD 4
21286	31 MSD 5
21287	31 MSD 6
21288	31 MSD 7
21289	31 MSD 8
21290	31 MSD 9
21291	31 MSD 10
21292	31 MIAM FD
21293	31 MIAMI ADM
21294	31 M STAFF
21295	31 MILF PD
21296	31 MILF FD
21297	31 MILF SVC
21298	31 MONT PD
21299	31 MONT FD
21300	31 MONT CW
21301	31 MSJ PS
21302	31 MTHL PD
21303	31 MTHL FD
21304	31 MTHL SVC
21305	31 NEWT PD
21311	31 NCHL PD
21312	31 NCHL FD
21313	31 NCHL SVC
21320	31 HCPR 1
21321	31 HCPR2
21322	31 HCPR3
21329	31 R/S 1
21330	31 R/S 2
21331	31 R/S 3
21332	31 READ PD
21333	31 READ FD
21334	31 READ CTY
21335	31 SHRN PD
21336	31 SHRN FD
21337	31 SHRN SVC
21338	31 FUGITIVE
21342	31 SO FIRE
21343	31 TRAFFIC
21344	31 SO 2
21345	31 SP EVNT
21365	31 SLVT SVC
21366	31 SPCA 1
21367	31 SPCA 2
21368	31 SPCA 3
21372	31 SPDL PD
21373	31 SPDL FD
21374	31 SPDL SVC
21375	31 SPTP PD
21376	31 SPTP FD
21377	31 SPTP SVC
21378	31 STBN PD
21379	31 STBN FD
21380	31 STBN SVC
21385	31 SYCM FD
21386	31 SYCM SVC
21391	31 TERR PD
21392	31 TERR FD
21393	31 MIAMEAST
21394	31 USAR 1
21395	31 USAR 2
21396	31 USAR 3
21397	31 VAL FD
21398	31 VAL PD
21399	31  VAL TAG
21400	31 WWTR FD
21401	31 WWTR FD2
21402	31 WWTR FD3
21403	31 WOOD PD
21404	31 WOOD FD
21405	31 WOOD SVC
21406	31 WYOM PD
21407	31 WYOM FD
21408	31 WYOM SVC
21409	31 J&FS 1
21411	31 PURSUIT
21412	31 DSP TST
21413	31 BROADWY
21414	31 COURTHS
21415	31 HCJC
21417	31 COR SUP
21420	COM CTRS
21421	BOONE
21422	BUTLER
21423	CAMPBELL
21424	CNCNNATI
21425	CLERMONT
21426	DEARBORN
21427	CVG AIRPORT
21428	HAMILTON
21429	KENTON
21430	WARREN
21432	31 CMD400
21433	31 INV600
21437	31 MDC EAST
21438	31 MDC WEST
21517	31 MUTE
21518	31 HOSP ALERT
21520	31 MA 1
21521	31 MA 2
21522	31 MA 3
21523	31 MA 4
21524	31 MA 5
21525	31 MA 6
21526	31 MA 7
21527	31 MA 8
21528	31 MA 9
21529	31 SCHOOL
21530	31 MA 11
21531	31 MA 12
21532	31 MA 13
21533	31 MA 14
21534	31 MA 15
21535	31 MA 16
21536	31 MA 17
21537	31 MA 18
21538	31 MA 19
21539	31 MA 20
21540	31 MA 21
21541	31 MA 22
21542	31 MA 23
21543	31 MA 24
21544	31 MA 25
21545	31 RIVER
21550	31 ACB COUNTY
22001	XFIN-CW1
22003	32FIREMSDSP
22006	32OPS2
22007	FIN-FD1
22013	32OPS1
22025	HAN32PG3
22026	FIN-PDT1
22049	FIN-PW1
22500	SO33DISP
22506	33-FIRE
22512	33-EMS
22514	33-HWY
23001	FD34EAST
23002	SO34DSP
23003	FD34WEST
23005	FD34FG1
23006	SO34TC1
23008	FD34FG2
23010	SO34TC2
23011	FD34FG3
23012	34EMS1
23013	FD34FG4
23014	CADZPD1
23015	34EMS2
23016	FD34DSP
23017	CO34ENG
23018	CADZPD2
23019	34EVENT
23020	34LAW
23022	EM34DSP
23024	PD34DSP
24004	FD36DISP
24008	FD36TAC1
24012	FD36TAC2
24016	FD36TAC3
24018	36GPDSP
24026	36HPDDSP
24030	SC36EMER
24500	LGNPDSP
24504	FD37DSP
24510	37FDOPS1
24516	37FDOPS2
24522	37FDOPS3
24528	EMS37DSP
24800	37FDOPS4
25007	38MPDDSP
25501	CITIZENS AMB
26002	WELPDSP
26004	EMS40DSP
26013	JXPDDSP
26504	41BLMNT911
26508	41JEFF911
26509	41OHIOWV911
26510	41COMMAND1
26512	41DISASTR1
26514	41TRAINNG1
26515	41COMMAND2
26517	41DISASTR2
26518	41TRAINNG2
26519	41COMMAND3
26520	41DISASTR3
26522	41EVENTS 1
26524	41CMMDATG
26525	41TRAINNG3
26527	41EMS TAC 1
26528	41EMS DIV 3
26529	41FIRE ATG
26531	41EMS TAC 2
26532	STEUB FD 1
26533	41FIRE EOC
26534	41EVENTS 2
26535	41EMS TAC 3
26536	STEUB FD 2
26537	41FIRE DIV 1
26538	41 AIR OPS
26539	41EMS DIV 1
26540	41FIRE DIV 2
26541	41FIRE TAC 1
26542	41EMS ATG
26543	41EMS DIV 2
26544	41FIRE DIV 3
26545	41FIRE TAC 2
26546	41EMS EOC
26547	41TANKERTF
26548	41FIRE RIT
26549	41FIRE TAC 3
26550	41 TRT
26551	41HARRCOMM
26552	41TRINITY
26553	41WEIRMED
26554	41CENTCTRL
26556	41HARCO911
26557	41LAW TAC 1
26558	41LAW DIV 1
26560	41LAW TAC 2
26561	41LAW DIV 2
26563	41LAW TAC 3
26564	41LAW DIV 3
26565	41LAW ATG
26566	41SHERIFF 1
26567	41LAW EOC
26568	STEUB PD 1
26569	MINGO PD
26570	41SHERIFF 2
26571	41 P41 PATCH
26572	41PURSUIT
26574	41SHERIFF 3
26575	SALINETWP PD
26576	TORONTO PD
26577	WNTSRVLLE PD
26578	BUCKLOCSCH
26579	INDCRKSCH
26580	SC41EMER
26583	41ELCHHOSP
26586	41CARCO911
26590	WINTERSVILLE FD
27000	SC42EMER
27004	FD42DISP
27008	FD42EMS
27012	FD42OP1
27013	FD42OP4
27016	FD42OP2
27020	FD42OP3
27500	43-WF/WW PD
27501	43-WB/KI PD
27502	43-WH/WA/HL
27503	43-EL PD
27504	43-ME PD
27505	43-LCC/ML
27506	43-LCSO
27507	43-PC/GR/FH
27509	43-MA/MV PD
27510	43 TAC 1
27511	43 TAC 2
27512	43 TAC 3
27513	43 TAC 4
27514	43 TAC 5
27515	43 TAC 6
27516	43 TAC 7
27517	43 TAC 8
27518	43 TAC 9
27519	43 TAC 10
27546	43-FD LE/CO
27547	43-FD EL
27548	43-FD WF/WW
27549	43-FD WB/KI
27550	43-FD WH
27551	43-FD ME
27552	43-PA/GR/FH
27553	43-FD PC
27554	43-FD PE/MA
27555	43 FD Trng
27558	43-STAGING
27559	43-AERO-MED
27560	43 FD WEST
27561	43 FD EAST
27570	EASTLK PD 1A
27572	Eastlk FD 1A
27576	FairprtPD 1A
27582	GrndRvrPD 1A
27589	KirtlndPD 1A
27593	43 LCC PD 1A
27602	MadVillPD 1A
27609	MENTOR PD 1A
27612	Mentor FD 1A
27617	MOL PD 1A
27623	43MetPkPD 1A
27624	43 SpecOp 1A
27626	43 SpecOp
27631	Pville PD 1A
27639	PerryPD 1A
27644	WCKLIFFE PD1A
27649	WaiteHlPD 1A
27652	WILL PD 1A
27654	Will FD 1A
27658	WILHIPD 1A
27664	WILLOWKPD 1A
27669	Perry PD 1A
27672	43-LC JAIL-1
27673	43-LC JAIL-2
27674	43-LC JAIL-3
27676	43 SO 1A
27677	43-MAD MED
27678	43-TRI PNT
27679	43-LK WEST
27683	Perry NPP
27684	Laketran CRT
27685	Laketran Fxd
27687	Kirt-Deep SD
27688	Mad-Perry SD
27689	Painsvl CSD
27690	Will-East SD
27691	WickliffeCSD
27692	Mentor Sch 1
27694	43 AnimalCtl
27696	43 Elections
27697	43 EMA 1
27698	43 EMA 2
27699	43 Bldg-Grnd
27700	43 Garage
27701	43 Health
27702	43CrtBailiff
27703	43 Engineer
27705	43 Telecom
27706	43 Water
27707	43 Landfill
27708	Concord Svcs
27710	SC43EMER
27711	EOC Emerg
27713	43-FD ML
27714	Mentor Sch 2
27723	43 Util-Eng
28007	EMS44DSP
28501	FD45OPS1
28502	COURAMB
28503	SO45DISP
28504	FD45DISP
28506	FD45OPS2
28508	SO45TAC1
28509	FD45OPS5
28512	FD45OPS3
28516	FD45OPS4
28517	SO45DET
28518	FD45EMS
28520	45PPD-1
28524	NPD45OPS1
28525	SO45EVT
28526	SC45EMER
28528	LRE 1
28533	LRE 2
28534	NPD45DISP
28536	45DOGWRDN
28538	JPD45TAC
28541	HPD45DSP
28542	JPD45DSP
28543	GPD45DSP
29000	BELLE PD
29011	FD46DISP
29013	46FIRE1
29016	BELLE FD
29017	46EMS
29018	SC46EMER
29022	SO46DSP
29024	BELLE FD-EMS PG
29515	AVON PD DSP
29523	AVPD-TC2
30000	LF TAC
30020	LIFEFLT
30025	LF DISP
30117	PTNGND
30208	LF OPS
30211	LF CALL
30215	LIFESTAR
30218	LF SP EVNT
31002	LNDPDSP
31003	FD49DSP
31008	FD49EMS
31010	SO49DISP
31012	FD49FG1
31013	WJPDSP
31015	SO49EVNT
31018	WJPTAC
31019	FD49FG2
31023	FD49FG3
31025	SO49TAC1
31028	SO49TAC2
31029	FD49FG4
31500	SC50EMER
32000	BENDER
32002	FD51DSP
32005	SO51DISP
32007	FD51TAC2
32008	FD51TAC1
32012	MARPDDSP
32015	SC51EMER
32021	FD51TAC3
32036	FDMCDISP
32501	52 TAC 1
32502	52 BPD 2
32503	52 TAC 2
32505	52 TAC 3
32506	BrunsCty FD
32507	52 TAC 4
32509	52 TAC 5
32511	52 TAC 6
32513	52 TAC 7
32515	52 TAC 8
32518	FD52DISP
32519	BHBC PD
32522	FD52PG1
32525	BrunsHills FD
33000	EM53DISP
33001	MIDPDISP
33003	FD53DISP
33007	CO53LAW
33009	EM53ALT
33016	FD53OPS
33019	MIDFDOPS
33021	POMPDISP
33503	WSUMCR
33505	54FIRE
33508	EM54PAGE
33509	CO54OPS1
33511	CELINPD
33512	SC54EMER
33514	FD54OPS2
34001	55UVMC ER
34020	55JAIL-OPS
34026	55LE-1
34031	55LE-TAC4
34035	55PUB-SFTY
34036	55PIF-DISP
34037	55PIF-TAC1
34038	55PIF-TAC2
34039	55PIF-TAC3
34040	55PIF-TAC4
34044	55TRF-DISP
34045	55TRF-TAC1
34046	55TRF-TAC2
34047	55TRF-TAC3
34048	55TRF-TAC4
34051	55FIREMS 1
34052	55FIREMS 2
34053	55-911
34055	55 KHN PIQUA
34057	55MCF-TAC1
34058	55MCF-TAC2
34059	55MCF-TAC3
34061	55MCE-TAC1
34062	55MCE-TAC2
34063	55MCE-TAC3
34064	55KHNTROY
34066	55EMA-2
34067	55BEF-DISP
34068	55BEF-TAC1
34069	55BEF-TAC2
34070	55BRF-MEET
34071	55BRF-TAC1
34072	55CAF-MEET
34073	55CAF-TAC1
34074	55CAF-TAC2
34075	55CHF-MEET
34076	55CHF-TAC1
34077	55CHF-TAC2
34080	55COF-MEET
34082	55COF-TAC2
34083	55ELF-DISP
34084	55ELF-TAC1
34085	55ELF-TAC2
34086	55FLF-MEET
34087	55FLF-TAC1
34088	55FLF-TAC2
34089	55LAF-MEET
34090	55LAF-TAC4
34091	55LFF-MEET
34092	55LFF-TAC5
34093	55LOF-MEET
34094	55LOF-TAC1
34095	55PHF-MEET
34098	55PHF-TAC3
34099	55SPF-TAC1
34100	55TCE-MEET
34101	55TCE-TAC1
34102	55TCE-TAC2
34103	55TCF-MEET
34104	55TCF-TAC1
34105	55TCF-TAC2
34106	55UNE-MEET
34107	55UNE-TAC1
34109	55WMF-MEET
34110	55WMF-TAC6
34111	55BEL-GOVT
34116	55PIL-WATR
34123	55TCL-STRT
34135	55TRL-PUBW
34139	55COV-STR
34141	55MC-ANICTL
34144	55MCP-DISP
34145	55MCP-TAC1
34146	55MCP-TAC2
34153	55MCENG-DP
34158	MCE-ENG1
34159	MCE-ENG2
34160	MCE-ENG3
34161	MCE-ENG4
34162	55EMA-1
34163	55EMA-3
34164	55EOC
34499	55MCF PAGE
34515	FD56DSP
35003	BUCKEYE R2
35004	KHNMICU
35005	COMEMS1
35007	KNHMICUDSP
35009	COMEMS2
36012	CHESHILL-FD
36020	FD58DSP
36024	M-M-FD
36026	FD58TAC2
36029	58EMS
36500	SO59DISP
36501	EM59DISP
36502	FD59OPS1
36503	SO59TAC1
36504	FD59DISP
36508	FD59OPS2
36511	FD59OPS3
36514	59RESCUE
37000	FD60DISP
37002	FD60OPS1
37005	FD60OPS2
37009	FD60OPS3
37012	FD60OPS4
37018	COMMAMB
37022	COMMAMB1
37025	60FDMA1
37029	60EMA1
37033	60WAYNETWP
37034	60EMA2
37038	ZNSVL PD
37041	ZNSVL FIRE
37042	CASMARI
37043	ZNSVL PD DET
37044	SC60EMER
37046	FD60-111
37047	VALCARE AMB
37479	CO61ENG
37499	60DGWD
37505	FD61DSP
38501	SO63DISP
38508	6300FIRE
38510	FRTPWR1
38514	63WATER
39000	FD64DISP
39001	64NLPD
39002	64TRANSIT
39003	FD64N
39005	64NLPD1
39007	FD64S
39011	FD64PG
39012	FD64C
39017	64EMA1
39019	64SLSD
39021	64EMA2
39027	SC64EMER
39502	FD65MAIN
39505	65*LAW1
39508	FD65DISP
39510	CVPDDISP
39523	SO65DSP2
39526	65FD*LE
39530	65CHSEC
39532	WFLS BUS
39538	LELS BUS
39539	CVCS BUS
39563	PICT OPS
39570	CV FG
39571	CV TAC
39572	PICT FG
39573	PICT TAC
39574	WMSP FG
39575	WMSP TAC
39576	SCI FG
39577	SCI TAC
39578	BLM FG
39579	BLM TAC
39580	CCK FG
39581	CCK TAC
39582	NH FG
39583	NH TAC
39584	HAR FG
39585	HAR TAC
39586	SAL FG
39587	SAL TAC
39588	WADE EMS
39589	WADE TAC
39590	TANKER1
39591	TANKER2
39598	65COMMON
39599	65*EMERG
39601	65EVT-1
39602	65EVT-2
39603	65EVT-3
39604	65EVT-4
39605	65EVT-5
39606	65EVT-6
39607	65EVT-7
39608	65EVT-8
39609	65EVT-9
39610	65EVT-10
39612	CV OPS2
39615	WMSP OPS
39619	CCK OPS1
39623	HAR OPS
39625	SAL OPS
39700	DOG WRDN
39702	65ENGDISP
39707	HWY*COM
39716	HAR*COM
39741	WASROADS
39752	PICCABUS
39753	HEADSTRT
39774	ASHV*COM
39780	ASH SVC
39781	ASH UTIL
39782	DBYV SVC
39783	DBYV UTIL
39787	NH*COM
39788	DBYV*COM
40004	FD66DISP
40013	PEAS PIKE
40019	EMS66DSP
40504	NEOMED
40512	SO67DISP
40514	SC67EMER
40521	67PROB
40523	67APDISP
40524	EMA67-1
40526	67APTAC1
40528	67APTAC2
40529	67COURT
40540	67RPDISP
40541	67SPDISP
40542	67KFDISP
40543	67RFDISP
40546	67BFDISP
40547	67CAR
40548	67EMS
40549	67FIRE
40550	67FIRECM
40551	67KFDOPS
40552	67KPDKSU
40553	67KPDTAC2
40555	67LAW
40558	67SFDISP
40559	67TAC 1
40560	67TAC 2
40561	67TAC 3
40562	67TAC 4
40563	67TAC 5
40564	67TAC 6
40565	67TAC 7
40566	67TAC 8
40567	NEOMEDPD
40571	RFD67PG2
40572	TFD67PG3
40573	67SPW
40574	67SCSD
41002	SO68DSP2
41003	68FDPAGE
41004	68FDDISP2
41005	68KHNPRB
41007	EATON SVCS
41009	68FDTAC1
41014	68FDDISP
41016	68FDTAC2
41017	68FDTAC
41019	68FDTAC3
41022	68FDTAC4
41027	68FDTAC5
41030	68FDTAC6
41500	69EDUC
41504	EM69DISP
41506	FD69DISP
41508	CO69ENG
41510	FD69OPS1
41512	FD69OPS2
41520	69-PAGE
41532	SC69EMER
42001	ONTARIO PD TAC
42004	VASU COMM
42005	SC70EMER
42008	70MPD2
42009	SO70DISP
42012	70MPDDSP
42014	SO70TC1
42016	FD70DISP
42019	70MPDTC1
42022	SO70TC3
42024	FD70TC2
42026	FD70PAGE
42032	FD70TC3
42501	SO71DISP
42502	SC71EMER
42506	71PG-ATG
42507	71-700PG
42508	FD71DISP
42509	HARSNFD
42510	71-1800PG
42513	71FG1
42515	71FG2
42518	71FG3
42519	71FG4
42521	71EMS-1
42523	71-900PG
42525	71EVENT
42529	71-1600PG
42531	PEASI-CHIL
42533	71-100PG
42534	71-1300PG
42535	71-1100PG
42536	71-400DISP
42538	71-1400PG
42539	71-1200PG
42540	71-400FG1
42542	71-500PG
42543	71-800PG
42545	71-600PG
42562	71-200PG
42569	ADENA PD
42570	71-1900PG
42581	BAINBRDG
43000	CO72OPS1
43001	72JDC
43003	CO72OPS2
43006	FD72DISP
43008	72TRIPS
43009	EM72DISP
43021	EM72ADM
43031	SO72DET
43500	PORTPD1
43501	PEASI-PERRY
43507	SCIOTO2
43512	NBPD-FD
43517	73-FIRE
43520	PFD-1
43521	73FDTAC1
43522	73-EMS
43523	73FDTAC2
43525	PFD2
43526	73FDTAC3
43527	73EMSTAC
43530	SC73EMRG
43534	73 EMS PAGING
44501	75 SIDFIRE
44502	75 SFDOP1
44503	75 SFDOP2
44504	75COFIRE
44506	75COOPS8
44507	75COEMS
44508	75SIDPOL
44509	57 SFDTRN
44510	SHCOPAG1
44516	75SPDTAC3
44517	75SPDTAC4
44518	75SPDTAC5
45004	CTFD-2
45015	NCFDTC 1
45018	SC76EMG
45020	76NCUTL
45023	AFD DISP
45024	AFD 2
45025	APD DISP
45027	APD SRT
45028	BCHCITYPD 2
45029	BCHCITYFD 2
45030	BREWPD 2
45031	BREWFD 2
45034	CCPD 3
45036	CCPD TRAFFIC
45040	CCPD EVENTS
45041	CCFD 1
45042	CCFD 2
45043	CCFD 3
45044	CCFD 4
45045	CCFD EMS
45046	CCFD ADM
45047	CCFD FPB
45048	CCFD EOP
45050	CC BAILIFF
45051	CC BUILDING
45052	CC ENGINEER
45054	CC CITYWIDE
45055	CC SERVICES
45056	CC PARKS
45057	CC TRASH
45058	CC SEWER
45059	CC STREETS
45061	CC WATER
45066	CFLT DISP
45067	CFPD 2
45069	CFLT FD/PD
45070	CFFD DISP
45071	CNTYWIDE 76
45072	CTFD DISP
45073	DOG WARDEN 76
45075	EVFD 2
45076	EMA 1 76
45077	EMA 2 76
45080	FD1 DISP W
45082	GTFD 1
45083	GTFD 2
45084	HOF GROUNDS
45086	HVPD DISP
45087	HVPD 2
45088	HVFD 1
45089	HVFD 2
45090	HAZMAT 76
45091	IMAT 76
45092	INTER DISP 76
45093	JTPD DISP
45094	JTPD 2
45095	JTPD 3
45096	JTFD DISP
45097	JTFD 2
45098	LTFD DISP
45099	LTFD 2
45100	LXFD DISP
45103	LFD 1
45104	LFD 2
45107	MAG PD DISP
45108	MAG PD 2
45109	MAGFD DISP
45111	MALONE PD
45112	MARLPD DISP
45114	MARLFD DISP
45117	MASSPD DISP
45118	MASSPD 2
45119	MASSPD 3
45120	MASSFD DSP
45121	MASSFD 2
45123	MINPD DSP
45124	MINPD 2
45125	MINFDDSP
45126	MINFD 2
45127	MIN FD/PD
45128	MOMAQUAD PAGE
45129	MOMAQU DSP
45130	MOHAWK FD
45131	NAVARRE PD 2
45132	NTFD DISP
45133	NCPD DISP
45135	NCFD DISP
45137	NC FD?PD
45138	NLFD DISP
45140	OTFD 1
45141	OTFD 2
45142	PRKRANGER 76
45143	PD1 DISP W
45147	PERRYFD DISP
45150	PERRY EVENT
45151	PERRY ROAD 76
45152	PLAINFD DSP
45153	PLAINFD 2
45154	PLAIN FD/SO
45155	SARTA FIX
45156	SARTA PRO
45157	SARTA SUP
45158	SC ENGINEER
45159	SC SANITARY
45160	SO76 DISP
45165	SO76 CIVIL
45167	SO76 STAFF
45168	S FD DISP
45169	S PD DISP
45170	STARKST1
45171	STARKST2
45173	UTPD DISP
45174	UTPD 2
45175	UTFD DISP
45176	UTFD 2
45178	WAYPD 2
45179	WTFD DISP
45182	WILFD 2
45183	QUAD EMS
45184	MAC76 CALL
45185	MAC76 02 FD
45186	MAC76 03 FD
45187	MAC76 04 FD
45188	MAC76 05 FD
45189	MAC76 06 FD
45190	MAC76 07 FD
45191	MAC76 08 FD
45192	MAC76 09 FD
45193	MAC76 10 FD
45194	MAC76 11 FD
45195	MAC76 12 FD
45196	LAW MAC01 76
45197	LAW MAC02 76
45198	LAW MAC03 76
45199	LAW MAC04 76
45206	SO76 SPL DTY
45207	ALLN SCH EMR
45208	CAN SCH EMR
45209	CAN LS EMR
45210	ECAN SCH EMR
45211	FAIR LS EMR
45212	JACK LS EMR
45213	LSV SCH EMR
45214	LAKE LS EMR
45215	MARL LS EMR
45216	MASS SCH EMR
45217	MINV LS EMR
45218	NCAN SCH EMR
45219	NWEST LS EMR
45220	PERRY LS EMR
45221	PLAIN LS EMR
45222	DRAGE SCH EMR
45223	SV LS EMR
45224	TLAW LS EMR
45229	NLFD 2
45488	AEMS 1
45491	AEMS 2
45494	AEMS 3
45501	ST FG2
45502	ST FG3
45503	ST FD PREV
45506	ST PD COURT
45508	ST PD DB
45509	ST PD1
45511	ST PD2
45518	ST PW DISP
45522	SUMMA PD
45525	TA FIRE-1
45526	TA FIRE-2
45527	TA FIRE-3
45528	TA FIRE-4
45529	TA PD1
45531	TA PD3
45532	TA PD4
45534	TA SVC
45536	TA TPS
45537	TA WATER
45541	TW TAC1
45545	TW FD1
45546	TW FD2
45547	TW PD1
45549	TT PW1
45553	UA PD EMERG
45554	UA PD1
45555	UA PD2
45556	UA PD S/E1
45561	RTA EMERG
45562	AK BOE ELLET
45565	VA FD DISP
45566	VA FG1
45567	VA FG2
45568	ACH PD1
46007	SC78EMER
46012	78 FD SW
46015	78 TAC 2
46020	78 TAC 1
46022	78 TAC 4
46023	78 WFD DISP
46024	78 FD SE
46028	78 FD CENT
46029	78 WFD TAC
46032	78 TAC 5
46033	78 FD NE
46034	78 FD NW
46036	78 FD DISP
46038	78 LRDS FD
46039	78 TAC 3
46040	WARREN WATER
46041	WARREN STS-PARKS
46501	STALEY TECH
46502	MWCDREC
46503	FD79PG01
46504	ATWOOD
46509	TAPPAN
46514	SENECA
46519	P-HILL
46524	C-MILL
46531	MWCD TC1
46535	MWCD TC2
46537	79 SEA
46538	MWCD TC3
46541	79 TRAFFIC 1
46543	MWCD ENG
46548	79 FG 3
46554	79 PG ST9
46567	79 PG ST17
46571	79 DOG WRDN
46580	79 STRS/WYN FD
46582	79 HORIZONS
46584	79 SOUTH FD
46587	79 PG ST12
46592	 79 SCHOOLS
46631	79 PG ST10
46636	79 PG ST2
46638	79 PG ST15
46645	79 PG CTYWIDE
46672	79 PG ST21 FIRE
46674	79 PG ST8
46676	79 PG ST60
46678	79 INDN VLY FD
46684	79 PG ST18
46690	79 TWIN CTY ER
46699	79 PG ST11
46711	79 PG ST 5
46725	79 PG ST4
46731	79 PG ST21 EMS
46744	79 UNION CC ER
46751	79 PG ST14
46756	79 PG ST1
46779	79 SMITH PVT
46784	79 PG ST21 ALL
46789	79 PG ST19 ALL
46793	79 EMRGNCY
46800	79 TWIN CTY FD
46810	79 DOVER FD
46820	79 PG ST7
46824	79 PG ST3
46846	79 PG HZMT TM
46847	79 PG ST31
46856	79 PG ST2 N
46863	79 SMITH
46867	79 NPFD
46868	79 YRK/STN FD
46873	79 BOL/ZR FD
46895	79 TC ENGNR
46908	79 SWISS FD
46912	79 PG ST6
46919	79 SENIOR CTR
46921	79 FG 1
46926	79 TC WTR/SWR
46929	79 PG ST1 ALL
46930	79 PG ST2 ALL
46970	79 PG ST16
46982	79 NORTH FD
46991	79 PG ST150
46996	79 PG ST19
47002	80FDDISP
47006	80FDOPS2
47010	80FDOPS3
47014	80FDOPS4
47018	80FDFG1
47022	80FDFG2
47026	80FDEMS
47030	80EMA
47034	80F-P
47038	80SO-1
47042	80SO-2
47046	80MPD1
47050	80MPD2
47054	80RPD
47058	80PCPD
47080	SC80EMER
47501	FD81011
47506	81OPS1
47532	VWCPD-1
48000	SO82DSP
48002	EM82DSP
48500	83 ATG FIRE
48511	83 CARL ADMIN
48512	83 11 FD CMD
48513	83 11 FD GND
48514	83 11 FD OPS
48515	83 CARL SAFETY
48516	83 CARL PD 1
48517	83 CARL PD 2
48518	83 CARL ROAD
48519	83 CARL EVENT
48523	83 CC ADMIN
48524	83 21 FD CMD
48525	83 21 FD OPS1
48526	83 21 FD OPS2
48527	83 CC POLICE 1
48528	82 CC SAFETY
48529	83 CC ROAD 1
48530	83 CC ROAD 2
48534	83 DF ADMIN
48535	83 56 FD CMD
48536	83 56 FD OPS
48537	83 DF TWP SO
48538	83 DF SAFETY
48539	83 DF TWP RD
48543	83 US ARMY COE
48544	83 COAST GUARD
48547	83 FRK FD PRIM
48548	83 16 FRK FD OPS
48549	83 FRK POLICE
48550	83 FRK POLICE 2
48554	83 FRK INTER TWP
48555	83 19 CMD
48556	83 19 GND
48558	83 FRK T RD
48563	83 76 FD GND
48564	83 76 FD CMD
48565	83 HAM PD 1
48566	83 HAM PD 2
48567	83 HAM PD CMD
48569	83 HAM RD
48574	83 81 FD GND
48580	83 HARV PD 1
48581	83 HARV PD 2
48582	83 HARV PD 3
48583	83 HARV RD
48586	83 15 FD JEMS
48587	15 FD JEMS CMD
48592	83 41 FD CMD
48593	83 LEB FIRE
48594	83 LEB PD 2
48595	83 LEB POLICE
48596	83 LEB SAFETY
48597	83 LEB SCHOOLS
48602	83 MAIN PD 1
48603	83 MAIN PD 2
48604	83 MAIN RD
48608	83 51 FD GND
48609	83 51 FD CMD
48610	83 51 FD OPS
48611	MASON EVENTS
48612	MASON WORKS
48613	MASON COURT
48614	83 MASON PD 1
48615	83 MASON PD 2
48616	83 MASON SAFETY
48617	83 MASON PD 3
48620	83 28 FD GND 1
48621	83 28 FD GND 2
48622	83 MASS ROADS
48626	83 71 FD GND
48627	83 MOR PD 1
48628	83 MOR PD 2
48629	83 CORONER
48630	83 MOR WORKS
48635	83 S LEB SAFETY
48639	83 BORO PD 1
48640	83 BORO PD 2
48641	83 BORO WORKS 1
48642	83 BORO WORKS 2
48646	ODNR PD
48650	83 TURTLE RD 1
48651	83 TURTLE RD 2
48652	83 31 FD GND
48657	83 46 FD OPS
48658	83 46 FD GND
48662	PROSECUTORS
48665	83 TELECOM 1
48666	RST TELECOM
48667	TST TELECOM
48668	DST TELECOM
48669	CST TELECOM
48670	83 COMMS
48671	83 FD HAILING
48672	83 MAYDAY1
48673	83 MAYDAY2
48674	83 FIRE PRIMARY
48677	83 SCHOOLS
48678	83 HELP
48679	83 INTER-PSAP
48682	83 PD HAILING
48684	83 PD PRIM 1
48685	83 PD PRIM 2
48691	83 SUPER
48692	83 NIMS
48693	83 TAC 2
48694	83 TAC 3
48695	83 TAC 4
48696	83 TAC 5
48697	83 TAC 6
48698	83 TAC 7
48699	83 TAC 8
48700	83 TAC 9
48701	83 TAC 10
48702	83 TAC 11
48703	83 TAC 12
48704	83 TAC 13
48705	83 TAC 14
48706	83 TAC 15
48707	83 TAC 16
48708	83 TAC 17
48709	83 TAC 18
48710	83 TAC 19
48711	83 TAC 20
48712	83 TAC 21
48718	83 EMA
48721	83 ADULT PROB
48722	83 BODD
48725	83 CHSVCS
48726	83 COMSS 1
48728	83 FACMAN
48730	83 DOG WDN 1
48731	83 DOG WDN2
48732	83 ENG 1
48736	83 ENG 5
48737	83 HD START
48738	83 HEALTH
48739	83 HUMAN SVCS
48741	83 EVENTS
48742	83 TRANSIT
48743	83 WATER 1
48746	83 WCSO-1
48747	83 WCSO-2
48748	83 WCSO-3
48749	83 WCSO CID
48750	83 SLEB WCSO
48753	83 ROAD TAC
48754	83 TRANS TAC
48758	83 KET ER
48761	WAY TWP ADMIN
48762	83 91 FD OPS
48763	83 91 FD CMD
48764	83 WAY TWP RD
48768	83 PF LINK
48769	83 WAY PD1
48770	83 WAY PD2
48771	83 WAY RD
48775	83 FAC MGT 1
48776	FAC CUSTODIAN
48777	83 FAC GROUND
48778	83 FAC ELEC
48779	83 FAC PLUM
48780	83 FAC HVAC
48781	FAC CARPENTRY
48782	83 FAC MGT 2
48950	MA TAC 1
48951	MA TAC 2
48952	MA TAC 3
48953	MA TAC 4
48954	MA TAC 5
48955	MA TAC 6
48956	MA TAC 7
48957	MA TAC 8
48958	MA TAC 9
48959	MA TAC 10
48960	MA TAC 11
48961	MA TAC 12
48962	MA TAC 13
48963	MA TAC 14
48964	MA TAC 15
48965	MA TAC 16
48966	MA TAC 17
48967	MA TAC 18
48968	MA TAC 19
48969	MA TAC 20
48970	MA TAC 21
48971	MA TAC 22
48972	MA TAC 23
48973	MA TAC 24
48974	MA TAC 25
48975	MA TAC 26
48976	MA TAC 27
48977	MA TAC 28
48978	MA MAYDAY 1
48979	MA MAYDAY 2
48980	MA MAYDAY 3
48981	MA MAYDAY 4
48982	RG PW TAC
48983	RG TRANS TAC
48984	RG EVENT TAC
48985	SOSINK
49000	CO84ENG
49004	WASCO SCH
49007	SO84TALK
49013	SC84EMER
49501	WOO CS EMR
49502	85 TAC 1
49504	WOO FD ALERT
49505	85 TAC 2
49508	85 TAC 3
49510	85 TAC 4
49512	SC85EMER
49513	WOO FD PAGE 1
49514	WOO-ORRVL FD
49516	85FDDISP
49517	WOO FD PAGE 2
49518	WOO-ORRVL PD
49520	SO85DISP
49521	WOO FD CHIEF OC
49522	85 FD ALERT
49524	WOO FD OD ALERT
49525	KIDRON FD ALERT
49526	ORRVL FD ALERT
50501	87FDEMS
50503	87FDOPS2
50505	87FDOPS3
50507	87FDOPS4
50509	87EVENTS
50511	BGFDOPS
50514	WODFDPG1
50520	87TAC-1
51001	SO88DSP
51002	88OPS1
51003	88OPS2
51004	88OPS3
51005	88USPD
51006	88CPD
51007	EMS88DSP
51008	FD88DSP
51009	88OPS4
51500	OSPFLEET
51502	POST02
51503	POST03
51504	POST04
51506	POST06
51508	GEORGETWN
51509	HAMILTON
51513	POST13
51514	WLMNGTN
51517	BUCYRUS
51518	POST18
51520	POST20
51525	COLUMBUS
51527	POST27
51528	POST28
51530	CAMBRGE
51531	CINCINNATI
51532	FINDLAY
51539	POST39
51540	JACKSON
51544	POST44
51545	POST45
51547	POST47
51548	POST48
51551	POST51
51555	PIQUA
51557	POST57
51559	POST59
51560	POST60
51565	POST65
51571	POST71
51572	POST72
51578	WARREN
51580	POST80
51584	POST84
51590	TP-EAST
51591	TP-WEST
51607	P20TAC
51614	DAYTAC3
51627	P51TAC
51662	OIU1
51666	OSP-F3
51667	CLE-ENF1
51683	CLE-TAC3
51696	D1-EVT1
51697	VANWRT
51700	MANSFLD
51701	BOWLGRN
51705	WOOSTER
51708	D2-EVT1
51709	CANFLD
51716	MEDINA1
51717	D5-EVT1
51718	LUCASYS
51721	D3-EVT1
51722	RAVENA
51723	DAYTON1
51724	SANDSKY
51726	COLEVT1
51727	CANTON1
51728	D3-EVT2
51730	DAYTON2
51731	CANTON2
51732	POST25
51736	D7-EVT1
51738	DAYTON3
51739	DELAWRE
51740	LISBON
51741	DAYTAC2
51743	BATAVIA
51744	LANCSTR
51745	SPRNGFLD
51750	WESTJEFF
51751	COLMBUS
51752	STCLAIR
51753	CAM-TECH
51756	POST25A
51757	LEBANON
51760	NEWPHIL
51761	AVIATN
51762	FRSTAID
51766	ATHENS1
51770	PORTSMTH
51771	WRNEVT1
51772	FAIRGND
51781	POST97
51788	POST98
51792	FIN-AV1
51810	PIQ-AV 1
51835	D7-LCS
51900	OTC-M-EAST
51902	TOLL EAST
51904	TOLL WEST
51905	OTC-M-WEST
51910	OTC-M-TAC1
51915	OTC-M-TAC2
52000	WCEAKRN
52001	WCEALUM
52004	WCECMBR
52005	WCE-CNCI
52006	WCEERIE
52012	WL-ERIE
52013	PR-NW-M1
52014	WL-D2-C
52015	NE-DNR
52017	WL-D3-E
52018	SW-DNR
52023	NW-DNR
52024	PR-SW-M1
52028	PR-SW-M2
52029	PR-NE-M2
52030	PR-SW-E1
52031	FR-FIN-M
52032	PR-SW-M3
52033	WL-D3-B
52035	PR-NE-E1
52037	PR-NW-M2
52039	PR-NE-E2
52041	WL-D2-E
52042	MRM-S
52045	WL-D5-E
52047	DNR-TAC
52049	WL-D5-C
52050	FR-ATH-M
52056	WL-DIST2
52057	FR-CHL-M
52059	PR-SW-E1
52061	FR-FIR-SH
52063	FR-MA-PS
52064	PR-SE-E3
52065	WL-D5B
52067	WL-D4-E
52068	FR-FIR-PI
52069	SE-DNR
52074	WL-D4-A
52075	DNR EMER
52076	PR-SE-M4
52077	CEN-DNR
52078	PR-EC-M
52079	FR-FRN-M
52080	PR-SE-E1
52083	WL-D4-B
52084	PR-SE-M2
52085	WL-D3-C
52087	WL-D1-A
52089	PR-SE-M3
52091	PR-SE-E2
52092	FR-FIR-DE
52095	WL-DIST4
52096	DNROIL1
52099	WL-D4-C
52101	PR-C-E1
52103	PR-C-M2
52104	WL-D1-E
52105	WL-DIST1
52106	PR-C-M1
52107	DNROIL2
52108	FR-FIR-ZH
52111	FR-MA-DE
52112	DNR ADMIN
52114	DNRDAM2
52115	FR-MA-SH
52116	ATG-CEN
52122	DNRENG2
52123	FR-MA-ST
52124	ATG-NE
52127	FR-MA-ZA
52132	ATG-NW
52139	PR-SW-E3
52140	ATG-SE
52147	ATG-SW
52492	FR-FIR-ST
52500	AOCI
52501	NCI SEG
52502	BECIPOPS
52507	LORCI-?
52510	AOCPOPS
52512	MTC-1
52513	NCIPOPS
52517	OSPPOPS
52524	TOCPOPS
52532	DCIPOP
52540	NCCCMOPS
52547	WCIPOPS
52548	CRCOPS
52552	CRCSOP2
52555	FPRC
52557	AKRONAPA
52563	AOCI
52564	OSPOPS
52565	CRCHOPS
52567	AOCI
52568	OSPHOPS
52569	CRCMOPS
52570	LECIPOPS
52572	OSPSUPS
52574	LECHOPS
52575	LOCI OPS
52577	OSPSOPS1
52580	OSPSOPS2
52583	MCIOPS
52584	OSPMOPS
52587	MCIMOPS
52589	LECIMOPS
52591	CLEVEAPA
52593	NCCCOPS
52597	COLS APA
52602	NCCCPOPS
52605	NERC05
52608	NERCHOPS
52610	PCIOPS
52611	RCIOPS
52616	PCIHOPS
52618	RICIOPS
52627	SCIOPS
52628	SOCOPS
52632	PCIMOPS
52633	SCIHOPS
52643	TCIOPS
52648	TCI
52654	NERC54
52656	LAECIOPS
52660	LAECIHOPS
52664	LAECIPOPS
52665	LECIATG
52666	TCIMOPS
52669	LACISOP1
52673	LACISOP2
52675	LORCI-?
52678	LAECIMOPS
52679	LORCIHOP
52680	BECIOPS
52681	MCIPOPS
52682	LACISUPS
52684	BECHOPS
52687	LAECIATG
52688	CCIOPS
52691	BECSOP1
52692	NCIHOPS
52693	LORCI-?
52694	BECSOP2
52695	NCI OPS
52697	BECMOPS
52699	LORCIATG
52700	BECSUPS
52702	ORWOPS
52703	RICIATG
52704	NCIMOPS
52706	SCIATG
52708	ORW
52709	TOCI
52710	NCI ATG
52712	TOCHOPS
52713	OSPATG
52718	TCI
52721	WCIMOPS
52723	PCIATG
52725	TOCMOPS
52727	WCIATG
52728	MACI OPS
52730	DCIOPS
52732	TOCIATG
52733	DCIPOPS
52735	WCIOPS
52736	DCISOPS1
52739	WCIHOPS
52740	DCISOPS2
52744	DCIMOPS
52747	WCISOPS1
52749	GCI OPS
52750	WCISOPS2
52752	DCIHOPS
52754	GCI HOPS
52755	DCIATG
52758	BECIATG
52761	FPR HOPS
52763	CCIATG
52765	FPR ATG
52768	GCI MOPS
52770	MANOPS
52775	CRCATG
52776	GCI ATG
52789	MANCIATG
52813	CANTON APA
52903	APA-CLE
52905	PV1GEA
52936	CHIL VA MX
53001	EPA-ALL
53003	ODOTMAIN
53004	ODOT-MTC
53006	EPADGW-2
53007	ESCORT-1
53010	EPADGW-NW
53011	ODOT04-FSP
53015	ODOT01-MAIN
53016	ESCORT-2
53019	ODOT-AIR
53020	ODOT06-FSP
53023	ODOT02-MAIN
53030	ODOT02-FSP
53031	ESCORT-3
53034	ODOT07-FSP
53035	ODOT03-MAIN
53039	ODOT08-FSP
53040	ODOT04-MAIN
53043	ODOT05-MAIN
53047	ODOT06-MAIN
53049	ODOT07-MAIN
53052	ODOT08-MAIN
53056	ODOT09-MAIN
53059	ODOT10-MAIN
53065	ODOT11-MAIN
53067	ODOT12-FSP
53068	ODOT12-MAIN
53070	PUCO-HQ
53071	CH-YS1
53073	TAX-HQ
53074	CH-YS2
53077	CH-YS3
53106	CV-YS
53126	IR-SUPT
53131	IR-ADM
53135	IR-YS
53139	IR-MAINT
53143	IR-MED
53150	IR-GEN
53158	ODA-AI
53199	DAS SECURITY
53208	ODMH-TVC
53220	BCI ALL
53249	ODOT01-ALL
53250	CO-MTC1
53251	ODOT01-DEF
53252	DOTSFTY
53253	ODOT01-HAN
53254	CO-MTC2
53255	ODOT01-HAR
53257	ODOT01-PAU
53258	CO-MTC3
53259	ODOT01-PUT
53261	ODOT01-VAN
53262	CO-MTC4
53263	ODOT01-WYA
53265	ODOT01-OPS
53267	ODOT02-FUL
53269	ODOT02-HEN
53271	ODOT02-LUC
53272	ODOT CENTRAL
53273	ODOT02-OTT
53274	ODOT03-ASD
53275	ODOT02-SAN
53276	ODOT03-CRA
53277	ODOT02-SEN
53278	ODOT03-ERI
53279	ODOT02-WIL
53280	ODOT03-HUR
53281	ODOT02-WOD
53282	ODOT03-LOR
53283	ODOT02-OPS
53284	ODOT03-MED
53285	ODOT04-ATB
53286	ODOT03-RIC
53287	ODOT04-MAH
53288	ODOT03-WAY
53289	ODOT04-POR
53290	ODOT03-OPS
53291	ODOT04-STA
53292	ODOT05-COS
53293	ODOT04-SUM
53294	ODOT05-FAI
53295	ODOT04-TRU
53296	ODOT05-GUE
53297	ODOT04-OPS
53298	ODOT05-KNO
53299	ODOT06-DEL
53300	ODOT05-LIC
53301	ODOT06-FAY
53302	ODOT05-MUS
53303	ODOT06-FRA1
53304	ODOT05-PER
53305	ODOT06-MAD
53306	ODOT05-OPS
53307	ODOT06-MAR
53309	ODOT06-MOR
53311	ODOT06-PIC
53313	ODOT06-UNI
53315	ODOT06-OPS
53317	ODOT08-BUT
53319	ODOT08-CLE
53321	ODOT08-CLI
53323	ODOT08-GRE
53325	ODOT08-HAM1
53327	ODOT08-PRE
53328	ODOT09-ADA
53329	ODOT08-WAR
53330	ODOT09-BRO
53331	ODOT08-OPS
53332	ODOT09-HIG
53333	ODOT10-ATH
53334	ODOT09-JAC
53335	ODOT10-GAL
53336	ODOT09-LAW
53337	ODOT10-HOC
53338	ODOT09-PIK
53339	ODOT10-MEG
53340	ODOT09-ROS
53341	ODOT10-MOE
53342	ODOT09-SCI
53343	ODOT10-MRG
53344	ODOT09-OPS
53345	ODOT10-NOB
53346	ODOT11-BEL
53347	ODOT10-VIN
53348	ODOT11-CAR
53349	ODOT10-WAS
53350	ODOT11-COL
53351	ODOT10-OPS
53352	ODOT11-HAR
53353	HABDISP
53354	ODOT11-HOL
53356	ODOT11-JEF
53357	ODOT01-MTC1
53358	ODOT11-TUS
53359	ODOT02-MTC1
53360	ODOT11-OPS
53361	ODOT03-MTC1
53362	ODOT12-CUY1
53363	ODOT04-MTC1
53364	ODOT12-GEA
53365	ODOT05-MTC1
53366	ODOT12-LAK
53367	ODOT06-MTC1
53368	ODOT12-OPS
53369	ODOT07-MTC1
53370	ODOT07-AUG
53371	ODOT07-CHA
53372	ODOT07-CLA
53373	ODOT07-DAR
53374	ODOT07-LOG
53375	ODOT07-MER
53376	ODOT07-MIA
53377	ODOT07-MOT
53378	ODOT07-SHE
53379	ODOT07-OPS
53380	ODOT08-MTC1
53381	ODOT09-MTC1
53382	ODOT10-MTC1
53383	ODOT11-MTC1
53384	ODOT12-MTC1
53385	ODOT-ALL
53386	ODOT01-MTC2
53387	ODOT02-MTC2
53388	ODOT03-MTC2
53389	ODOT04-MTC2
53390	ODOT05-MTC2
53391	ODOT06-MTC2
53392	ODOT07-MTC2
53393	ODOT08-MTC2
53394	ODOT09-MTC2
53395	ODOT10-MTC2
53396	ODOT11-MTC2
53397	ODOT12-MTC2
53398	ODOT04-MTC3
53399	ODOT04-MTC4
53400	ODOT08-MTC3
53401	ODOT12-MTC3
53402	ODOT12-MTC4
53403	ODOT06-BRDG
53404	HABTAC1
53410	BCI TAC2
53412	HABTAC2
53438	OHVETS1
53449	BWC SEC
53463	SFM-DISP
53500	BWCREG1
53504	BWCREG2
53508	BWCREG3
53512	BWC HCP1
53516	BWC EFT
53520	BWC STF
53524	BWC TAC1
53528	BWC TAC2
53532	BWC HCP2
53540	PIONEER1
53542	SCP-MTR
53544	CONSOL REC
53545	PIONEER2
53546	DARKE RE1
53548	BUTLER REC1
53549	CONSOL REC1
53550	PIONEER3
53552	CARROLL EC
53553	BUTLER REC2
53554	CONSOL REC2
53555	LOGAN REC 1
53556	SCP-LAN
53557	CARROLL EC2
53558	WASH EC 1
53559	BUCKEYE REC
53560	LOGAN REC 2
53562	GUEMUSK EC
53565	UNION REC
53566	SCP-CIR
53571	SCP-HIL
53574	ADMSRE2
53576	SCP-BEL
53697	OE ALL CALL
53698	CEI ALL CALL
53699	TOLEDO DCC
53700	AKRON DCC
53701	ALLNC DCC
53702	SNDSKY DCC
53703	HRTVL DCC
53704	JCKSN DCC
53705	KENT DCC
53706	KNSMN DCC
53707	LAKE DCC
53708	MACDN DCC
53709	MEDINA DCC
53710	MNSFLD DCC
53711	MARION DCC
53712	MSSLN DCC
53713	SALEM DCC
53714	SPRGF DCC
53715	WARREN DCC
53716	YNGSTN DCC
53717	CENT SUB
53718	EAST SUB
53719	SOUTH SUB
53720	OE EMERG
53721	OE EMERG BU
53722	AKRON SC
53723	ALLNC SC
53724	SNDSKY SC
53725	HRTVLL SC
53726	JCKSN SC
53727	KENT SC
53728	KNSMN SC
53729	ELYRIA SC
53730	MACDN SC
53731	MEDINA SC
53732	MNSFLD SC
53733	MARION SC
53734	MSSLN SC
53735	SALEM SC
53736	SPRGF SC
53737	WARREN SC
53738	YNGST SC
53739	OE TRANS
53740	ASHTBL DCC
53741	MYFLD DCC
53743	MILES DCC
53744	BRKLN DCC
53746	CEI EMERG
53747	CEI EMERG BU
53748	ASHTBL SC
53749	BRKLN SC
53750	CONCRD SC
53751	MDFLD SC
53752	MYFLD SC
53753	MILES SC
53754	SOLON SC
53755	STRGVL SC
53756	WSTLK SC
53757	CEI SUB E
53758	CEI SUB W
53759	CEI TRBL
53760	CEI UGD
53761	CEI ELSVC
53762	CEI STLGT
53763	CEI MTRSVC
53764	CEI TRANS
53765	HOLLAND DCC
53766	LAKEWOOD DCC
53767	LINDSEY DCC
53768	WAUSEON DCC
53769	TRANS DCC
53770	SUBS DCC
53772	STORM
53773	EMERGENCY
53774	EMERG BACKUP
53775	HOLLAND SC
53776	LAKEWOOD SC
53777	LINDSEY SC
53778	WAUSEON SC
53781	METER SVC
53783	EAST ACC
53784	CENT ACC
53785	WEST ACC
53786	FE Spare 1
53787	FE Spare 2
53788	FE Spare 3
53789	FE Spare 4
53790	FE Spare 5
53794	CONCORD DCC
53795	MIDDLEFD DCC
53796	SOLON DCC
53797	STRNGSVL DCC
53798	WESTLAKE DCC
54000	AIREVAC
54017	ONG-RAV TRN
54018	ONG-5
54019	ONG-RAV2
54022	ONG-RAV5
54025	RNGCTRL
54033	52OPS
54039	ONG-1
54043	ONG-2
54047	ONG-RAV
54059	USM TAC-6
54072	USM TAC-1
54085	USM TAC-2
54086	ONG-RAV TRN2
54087	VAFD1500
54088	R3 USAR
54093	USM ALL CALL
54096	USM CINCI
54103	USM TAC-3
54107	USM COL
54114	USM DAY
54119	USM TAC-4
54121	ONG-?
54127	USM JSI-1
54131	USM TAC-5
54313	29WPMC
54394	XECOMM15
54500	XSO-01
54501	XMARCS1
54502	XLECOM1
54503	XSO-02
54504	XMARCS2
54505	XLECOM2
54506	XSO-03
54507	XMARCS3
54508	XLECOM3
54509	XSO-04
54510	XSO-05
54511	XSO-06
54512	XSO-07
54513	XMARCS4
54514	XSO-08
54515	XLECOM4
54516	XSO-09
54517	XMARCS5
54518	XLECOM5
54519	XMARCS6
54520	XLECOM6
54521	XSO-10
54522	XSO-11
54523	XMARCS7
54524	XLECOM7
54525	XSO-12
54526	XSO-13
54527	XSO-14
54528	XSO-15
54529	XMARCS8
54530	XLECOM9
54531	XSO-16
54532	XSO-17
54533	XMARCS9
54534	XLECOM10
54535	XSO-18
54536	XSO-19
54537	XSO-20
54538	XMARCS10
54539	XLECOM11
54540	XSO-21
54541	XSO-22
54542	XSO-23
54543	XMARCS11
54544	XLECOM8
54545	XSO-24
54546	XMARCS12
54547	XLECOM12
54548	XSO-25
54549	XSO-26
54550	XMARCS13
54551	XLECOM13
54552	XMARCS14
54553	XLECOM14
54554	HELPDESK
54555	XSO-27
54556	XSO-28
54557	XSO-29
54558	XSO-30
54559	XSO-31
54560	XSO-32
54561	XSO-33
54562	XLECOM15
54563	XSO-34
54564	XSO-35
54565	XSO-36
54566	XSO-37
54567	XSO-38
54568	XLECOM16
54569	XSO-39
54570	XSO-40
54571	XSO-41
54572	XSO-42
54573	XSO-43
54574	XSO-44
54575	XSO-45
54576	XSO-46
54577	XSO-47
54578	XSO-48
54579	XSO-49
54580	COMMAND1
54581	XSO-50
54582	XSO-51
54583	XSO-52
54584	XSO-53
54585	XSO-54
54586	XSO-55
54587	XECOMM1
54588	XSO-56
54589	XSO-57
54590	XSO-58
54591	XECOMM12
54592	XSO-60
54593	XSO-61
54594	XSO-62
54595	XSO-63
54596	XECOMM22
54597	XSO-64
54598	XSO-65
54599	XSO-66
54600	XSO-67
54601	XSO-68
54602	XSO-69
54603	XSO-70
54604	XECOMM23
54605	XECOMM24
54606	XSO-71
54607	XSO-72
54608	XSO-73
54609	XSO-74
54610	XSO-75
54611	XSO-76
54612	XSO-77
54613	XSO-78
54614	XSO-79
54615	XECOMM25
54616	XECOMM26
54617	XECOMM27
54618	XECOMM28
54619	XSO-59
54620	XSO-80
54621	XSO-81
54622	XSO-82
54623	XSO-83
54624	XSO-84
54625	XECOMM2
54626	XMCALL1
54627	XECOMM3
54628	XSO-85
54629	XSO-86
54630	XSO-87
54631	XSO-88
54632	XECOMM4
54633	XSO-NW
54634	XECOMM5
54635	XECOMM6
54636	XSO-NE
54637	XECOMM7
54638	18RNGR-1
54639	XECOMM8
54640	XSO-SE
54641	XECOMM9
54642	XECOMM10
54643	XMCALL2
54644	XSO-SW
54645	XECOMM11
54646	XPRSUIT1
54647	XSO-CEN
54648	XECOMM13
54649	XECOMM14
54651	XMCALL3
54652	XECOMM16
54654	XMCALL4
54655	MOT-1
54656	XECOMM17
54657	XMCOMM1
54658	XECOMM18
54659	XPRSUIT2
54660	XECOMM19
54661	XMCOMM2
54663	COMMAND2
54664	XECOMM20
54665	XECOMM21
54666	XMCOMM3
54668	XMCOMM4
54670	XPRSUIT3
54672	18RNGR-2
54676	XPRSUIT4
54678	SFM-HQ
54680	XPRSUIT5
54681	SFM-OPS1
54682	18RNGR-3
54683	SFM-OPS2
54684	XPRSUIT6
54686	XPRSUIT7
54687	SFM-OPS3
54688	XPRSUIT8
54689	SFM-OPS4
54690	XMARCSDM
54691	WESTCOMFG
54692	18RNGR-4
54694	SFM-OPS5
54697	OFCA-1
54701	OFCA-2
54702	CMP-IOPD
54704	18MetPrk 7
54706	OSFA-1
54707	18CW-1
54710	18CW-2
54712	CMP-IO-F/R
54713	PTN OPS
54716	18MetroPrkMn
54717	18CW-3
54718	18CW-4
54719	18CW-5
54722	18CW-6
54724	18CW-7
54727	18CW-8
54729	18CW-9
54731	18CW-10
54733	18CW-11
54736	AIRCOM-CLF
54737	18CW-12
54739	18CW-13
54741	MEDVAC1
54742	18CW-14
54745	XMARCS
54746	18CW-15
54748	18CW-16
54755	SO01DSP
54757	SO02DSP
54758	SO01TAC1
54760	SO03DSP
54762	SO02TAC
54764	SO01TAC2
54765	SO03TAC1
54767	SO01TAC3
54768	SO04DISP
54769	SO05DISP
54776	SO10TAC1
54777	SO15DSP
54778	SO16DISP
54780	SO06TAC1
54781	SO10TAC2
54783	SO16TAC
54784	SO06TF
54786	SO06DISP
54787	SO15TAC
54790	SO33DSP
54791	SO36TAC1
54797	SO32DSP
54800	SO27DISP
54806	SO35DSP
54808	SO36DISP
54811	SO36TAC2
54812	SO40DSP
54814	SO38TAC1
54817	SO44DSP
54824	SO60DISP
54826	SO54TAC
54827	SO56TAC3
54828	SO60TAC1
54830	SO54DSP
54832	SO60TAC2
54837	SO53DISP
54838	SO56TAC1
54839	SO58DSP
54840	SO61DSP
54841	SO64TAC
54842	SO66DISP
54843	SO69DISP
54849	SO65DISP
54854	SO68DISP
54856	SO64DISP
54859	SO81TAC2
54863	SO81DSP
54864	SO72DISP
54866	SO73DISP
54877	COIRS LE
54878	NUC-DB
54886	COIRSFD
54990	RadioTechnicians
55596	31 NOR MDAY
55599	CFD DISP
55600	31 MAIN AUX
55608	31 MDC CITY
55609	CFD CMD B
55610	CFD STA B
55611	CFD CMD C
55612	CFD STA C
55613	CFD CMD D
55614	CFD STA D
55615	CFD EMS
55616	CFD MVC
55617	CFD CMD E
55618	CFD STA E
55619	CFD MAJ MED
55620	CFD CMD F
55621	CFD STA F
55622	CFD CMD G
55623	CFD STA G
55624	CFD CMD H
55625	CFD STA H
55626	CFD CMD I
55627	CFD STA I
55628	31 UC HOSP 1
55629	31 UC HOSP 2
55630	31 CHILD HOS
55631	31 CHILD HOS
55632	CFD PF GND
55633	31 ALERT CFD
55634	31 MAYDAY B
55635	31 CFD EVT 1
55636	31 CFD EVT 2
55637	31 CFD EVT 3
55638	31 CFD EVT 4
55639	31 CFD EVT 5
55641	31 LUNKEN
55642	31 CFD CMD 1
55643	31 CFD CMD 2
55644	31 CFD CMD 3
55649	31 DIST 1
55650	31 DIST 2
55651	31 DIST 3
55652	31 DIST 4
55653	31 DIST 5
55654	31 RESV 6
55656	31 PRK ENFR
55658	31 PRK QUERY
55664	31 MAYDAY C
55665	31 MAYDAY D
55666	31 MAYDAY E
55667	31 MAYDAY F
55668	31 MAYDAY G
55669	31 MAYDAY H
55670	31 MAYDAY I
55671	31 MAYDAY J
55672	31 MAYDAY
55673	31 LITTER
55674	CFD CMD J
55675	31 CFD STA J
55676	31 CFD J TAC
55677	31 CFD J TAC
55678	31 CFD J TAC
55679	31 CFD J TAC
55686	31 CALL EMS
55687	31 ALL CALL 
55688	31 ALL CALL 
55689	31 ALL CALL 
55690	31 ALL CALL 
55691	31 ALL CALL 
55692	31 ALL CALL 
55693	31 ALL CALL 
55694	31 ALL CALL 
55705	31 UC POL
55707	31 UC EVENT
55709	31 UC TECH
55720	31 TRIAGE J
55721	31 TREAT J
55722	31 TRANS J
55723	31 ALL CALL 
55724	31 ALL CALL 
55725	31 MAYDAY M
55739	31 RAD SVC 1
55740	31 RAD SVC 2
55741	31 RAD SVC 3
55742	31 TRIAGE A
55743	31 TRIAGE B
55744	31 TRIAGE C
55745	31 TRIAGE D
55746	31 TRIAGE E
55747	31 TRIAGE F
55748	31 TRIAGE G
55749	31 TRIAGE H
55750	31 TRIAGE I
55751	31 TREAT A
55752	31 TREAT B
55753	31 TREAT C
55754	31 TREAT D
55755	31 TREAT E
55756	31 TREAT F
55757	31 TREAT G
55758	31 TREAT H
55759	31 TREAT I
55831	31 TRANS A
55832	31 TRANS B
55833	31 TRANS C
55834	31 TRANS D
55835	31 TRANS E
55836	31 TRANS F
55837	31 TRANS G
55838	31 TRANS H
55839	31 TRANS I
55849	31 TRAIN1
55850	31 TRAIN 2
55851	31 TRAIN 3
55852	31 TRAIN 4
55853	31 TRAIN 5
55854	31 TRAIN 6
55855	31 TRAIN 7
55865	31 TRAIN 8
55866	31 TRAIN 9
55867	31 TRAIN 10
55868	31 TRAIN 11
55869	31 TRAIN 12
55870	31 TRAIN 13
55871	31 TRAIN 14
55880	31 REHAB B
55881	31 REHAB C
55882	31 REHAB D
55883	31 REHAB E
55884	31 REHAB F
55885	31 REHAB G
55886	31 REHAB H
55887	31 REHAB I
55904	31 XU POL
55905	31 NORW PD
55906	31 NORW FD1
55908	31 NORW FD2
55910	CFD B TAC1
55911	CFD B TAC2
55912	CFD B TAC3
55913	CFD B TAC4
55914	CFD D1 OPS
55915	CFD C TAC1
55916	CFD C TAC2
55917	CFD C TAC3
55918	CFD C TAC4
55919	CFD D2 OPS
55934	31 VA POL 1
55935	31 VA POL 2
55936	31 OH-KY 1
55937	31 OH-KY 2
55938	31 OH-KY 3
55939	31 OH-KY 4
55940	31 OH-KY 5
55941	31 OH-KY 6
55942	31 OH-KY 7
55943	31 OH-KY 8
55944	31 OH-KY 9
55945	31 OH-KY 10
55946	31 C GUARD
55947	31 CVG PD
55951	31 COVNGTN
55952	31 VOL PD
55953	31 SCHOOL SEC
55954	31 CIS DESK
55964	CFD D TAC1
55965	CFD D TAC2
55966	CFD D TAC3
55967	CFD D TAC4
56000	31 CMA 1
56001	31 CMA 2
56002	31 CMA 3
56003	31 CMA 4
56004	31 CMA 5
56005	31 CMA 6
56006	31 CMA 7
56007	31 CMA 8
56008	31 CMA 9
56009	31 CMA 10
56010	31 CMA 11
56011	31 CMA 12
56012	31 CMA 13
56013	31 CMA 14
56014	31 CMA 15
56015	31 CMA 16
56016	CFD E TAC1
56017	CFD E TAC2
56018	CFD E TAC3
56019	CFD E TAC4
56020	CFD D4 OPS
56021	CFD F TAC1
56022	CFD F TAC2
56023	CFD F TAC3
56024	CFD F TAC4
56025	CFD F TAC5
56026	31 FIRE ALAR
56027	31 ATG POL 1
56029	CFD D3 OPS
56032	31 ACB NORWOOD
56033	NKY IPSAP
56037	31 ACB UC
56038	CFD G TAC1
56039	CFD G TAC2
56040	CFD G TAC3
56041	CFD G TAC4
56043	CFD H TAC1
56044	CFD H TAC2
56045	CFD H TAC3
56046	CFD H TAC4
56052	31 WW SUPPLY
56053	31 WTRWORKS
56054	31 RAD SHOP
56055	31 CMDT 1
56056	31 CMDT 2
56057	31 FORESTRY
56058	31 REC COMM
56059	31 NPS MA
56060	31 NOD DSP
56061	31 TROD DSP
56062	31 PW C2C
56063	31 PW EXEC
56064	31 FAC MAINT
56065	31 CIN ST PD
56066	31 XU TAG
56067	31 PW INT OP
56068	31 SORTA W
56069	31 SAL ARMY
56071	31 CWW 1
56072	31 CWW 2
56073	31 CWW 3
56076	CFD I TAC1
56077	CFD I TAC2
56078	CFD I TAC3
56079	CFD I TAC4
56118	31 CFD FSA 02
56119	31 CFD FSA 03
56120	31 CFD FSA 05
56121	31 CFD FSA 07
56122	31 CFD FSA 08
56123	31 CFD FSA 09
56124	31 CFD FSA 12
56125	31 CFD FSA 14
56126	31 CFD FSA 17
56127	31 CFD FSA 18
56128	31 CFD FSA 19
56129	31 CFD FSA 20
56130	31 CFD FSA 21
56131	31 CFD FSA 23
56132	31 CFD FSA 24
56133	31 CFD FSA 29
56134	31 CFD FSA 31
56135	31 CFD FSA 32
56136	31 CFD FSA 34
56137	31 CFD FSA 35
56138	31 CFD FSA 37
56139	31 CFD FSA 38
56140	31 CFD FSA 46
56141	31 CFD FSA 49
56142	31 CFD FSA 50
56143	31 CFD FSA 51
56300	CleHts FD Alrt
56301	UnivHts FD Alrt
56302	S Ecld FD Alert
56303	ShkHts FD Alrt
56304	RchmndHts FD Ale
56367	BP FD BU
56768	ONG-RAV
56954	LHD DARKE
57000	ALPHA
57001	BRAVO
57002	10 FIRE
57003	CHARLIE
57004	CHIEF
57005	DELTA
57006	ECHO
57009	10 DISP
57010	FOXTROT
57012	TRAF ENG
57013	HAZ OPS
57014	MAINT
57016	CFD EVT1
57017	CFD EVT2
57018	CFD AUX
57019	COST
57020	PREV
57021	ACAD
57022	ADMIN
57023	ARSON
57024	ISESTRG-1
57026	ISEMS-1
57028	RECR-1
57029	RECR-2
57030	TRAFFIC 2
57031	IS TRN1
57032	E FG
57034	EFG IC
57035	EFG STG
57036	EFG TAC1
57037	EFG TAC2
57038	9 ALERT
57039	9 BRANCH
57040	CFD EMS1
57041	CFD EMS2
57042	EMS ATG
57043	CFD EMSSTG
57044	CFD EXTR
57045	CFD MEDHEL
57046	CFD POISON
57047	CFD RESCUE
57048	TTAC-2
57049	TTAC-3
57052	BN1 FG
57053	BN1 IC
57054	BN1 TAC1
57055	BN1 TAC2
57056	BN1 TAC3
57057	BN1 TAC4
57058	BN1 TAC5
57059	BN1 TAC6
57060	BN1 TAC7
57061	BN1 RIT
57063	BN1 STG
57065	BN2 FG
57066	BN2 IC
57067	BN2 TAC1
57068	BN2 TAC2
57069	BN2 TAC3
57070	BN2 TAC4
57071	BN2 TAC5
57072	BN2 TAC6
57073	BN2 TAC7
57074	BN2 RIT
57075	IM-MAINT1
57076	BN2 STG
57078	BN3 FG
57079	BN3 IC
57080	BN3 TAC1
57081	BN3 TAC2
57082	BN3 TAC3
57083	BN3 TAC4
57084	BN3 TAC5
57085	BN3 TAC6
57086	BN3 TAC7
57087	BN3 RIT
57088	IM-MAINT2
57089	BN3 STG
57091	BN4 FG
57092	BN4 IC
57093	BN4 TAC1
57094	BN4 TAC2
57095	BN4 TAC3
57096	BN4 TAC4
57097	BN4 TAC5
57098	BN4 TAC6
57099	BN4 TAC7
57100	BN4 RIT
57101	IM-MAINT3
57102	BN4 STG
57104	BN5 FG
57105	BN5 IC
57106	BN5 TAC1
57107	BN5 TAC2
57108	BN5 TAC3
57109	BN5 TAC4
57110	BN5 TAC5
57111	BN5 TAC6
57112	BN5 TAC7
57113	BN5 RIT
57114	IM-MAINT4
57115	BN5 STG
57117	BN6 FG
57118	BN6 IC
57119	BN6 TAC1
57120	BN6 TAC2
57121	BN6 TAC3
57122	BN6 TAC4
57123	BN6 TAC5
57124	BN6 TAC6
57125	BN6 TAC7
57126	BN6 RIT
57127	IM-MAINT5
57128	BN6 STG
57130	BN7 FG
57131	BN7 IC
57132	BN7 TAC1
57133	BN7 TAC2
57134	BN7 TAC3
57135	BN7 TAC4
57136	BN7 TAC5
57137	BN7 TAC6
57138	BN7 TAC7
57139	BN7 RIT
57141	BN7 STG
57196	EZ-1
57197	EZ-10
57198	EZ-11
57199	EZ-12
57200	EZ-13
57201	EZ-14
57202	EZ-15
57203	EZ-2
57204	EZ-3
57205	EZ-4
57206	EZ-5
57207	EZ-6
57208	EZ-7
57209	EZ-8
57210	EZ-9
57213	IS TRN2
57214	CITY 1
57215	CITY 2
57216	POL-FIRE
57217	AUTO SQ
57222	CCSID
57225	CITY 3
57226	CIU
57231	COMM A
57233	CPD EVT1
57234	CPD EVT2
57235	CPD EVT3
57236	COL SCH
57237	CT LIAISON
57239	DETEC
57240	DTAC-1
57243	REFUSE1
57250	BN2 EMS
57251	ELEC DSP
57253	CPD K9
57254	CPD LEADS
57255	LEERN
57269	PATROL1
57270	PATROL2
57271	PATROL3
57272	PATROL4
57273	PATROL5
57275	BN3 EMS
57276	BN4 EMS
57278	PRK ENF
57281	PTAC 1A
57282	PTAC 1B
57283	PTAC 1C
57284	PTAC 1D
57285	PTAC 1E
57286	PTAC 2A
57287	PTAC 2B
57288	PTAC 2C
57289	PTAC 2D
57290	PTAC 2E
57291	PTAC 3A
57292	PTAC 3B
57293	PTAC 3C
57294	PTAC 3D
57295	PTAC 3E
57296	PTAC 4A
57297	PTAC 4B
57298	PTAC 4C
57299	PTAC 4D
57300	PTAC 4E
57301	PTAC 5A
57302	PTAC 5B
57303	PTAC 5C
57304	PTAC 5D
57305	PTAC 5E
57306	CPD RECORDS
57310	CPD SPEC SVC
57326	TA-1
57327	TA-2
57328	GARAGE
57329	TRAFFIC 1
57330	TRANS
57331	TREAT
57332	TRIAGE
57333	TTAC-1
57334	VICE
57335	VTAC-1
57338	WST ELEC
57341	WST TRANS
57350	HT OPS
57351	HT TAC
57352	MECC EMS1
57353	MECC FG2
57372	MEC CNTR
57373	MECC FG1
57374	SD SMOC
57377	MECC DSP
57378	MECC FG3
57379	RP PARKS
57380	RP MAINT
57383	MECC IC1
57384	MECC IC4
57389	MECC IC3
57390	MECC FG4
57391	MECC IC2
57392	MECC EMS2
57394	WST FDSP
57395	WST FG-1
57402	WST PADMN
57403	WST PTAC
57404	WST PDSP
57406	CODE ENF
57414	BAILIFF
57418	DPU DOW 1
57419	DPU DOW MAINT
57421	DPU DOW 2
57422	UTILS2
57434	BN1 EMS
57435	CPD EOC
57436	BN5 EMS
57437	BN6 EMS
57438	BN7 EMS
57440	WST FG-2
57441	WST FG-3
57453	CPW VA SEC
57466	SUPPORT
57468	BN8 IC
57469	BN8 TAC1
57470	BN8 TAC2
57471	BN8 TAC3
57472	BN8 TAC4
57473	BN8 TAC5
57474	BN8 TAC6
57475	BN8 TAC7
57476	BN8 RIT
57477	BN8 EMS
57478	BN8 FG
57479	BN8 STG
57511	EMS SUPV
57514	CRT-1
57515	CRT-2
57516	CRT-3
57517	CRT-4
57518	CRT-5
57999	CPD SWAT
58011	57 RDC NORTH
58012	57 RDC CENRL
58013	57 RDC SOUTH
58014	57 RDC EAST
58015	57 RDC WEST
58016	57 RDC RCRD N
58017	57 RDC RCRD S
58018	57 RDC TAC 1
58019	57 RDC TAC 2
58020	57 RDC TAC 3
58021	57 RDC TAC 4
58022	57 RDC TAC 5
58023	57RDC FIRE1
58024	57RDC FIRE2
58025	57RDC HELP
58033	57 SO CC
58044	57 COURT 1
58045	57 COURT 2
58053	57 RDC COM
58061	57 CW 1
58062	57 CW 2
58063	57 CW 3
58064	57 CW 4
58065	57 CW 5
58066	57 LE 1
58067	57 LE 2
58068	57 LE 3
58069	57 LE 4
58073	57 ARC 1
58074	57 ARC 2
58075	Box 21 58075
58077	Box 21 58077
58100	57 WS-PRI
58101	57 WS-2
58102	WS-3
58103	WS-4
58104	57 WS-5
58105	57MCFLEET
58106	MCFLEET2
58107	MCFLLET3
58108	57 ENG 1
58109	57ENG2
58111	57ENG4
58112	57MCOEM
58115	57 PROS-1
58116	57 PROS-2
58119	57 STOP
58120	57 MRDD 1
58121	57 MRDD 2
58124	57 JUVCRT2
58125	57 JUV COURT
58126	57 JDC MAIN
58127	57 JDC RCV
58129	57 JUVCRT3
58130	57 JUVCRT4
58150	57 BFD TRAIN
58151	57 BVFD ADM
58152	57 BKV CW
58155	57 BTPD CC
58156	57 BTPD INV
58158	57 BTPD SVC
58159	57BTFD
58160	57 CVPD DISP
58161	57 CVPD TAC1
58165	57CLAYLG
58166	57 CLYTWP RDS
58167	57 CLAYTN FD
58169	57 CLYPD C2C
58171	CLAYTON RDS
58172	57 CLAY SVC
58173	57 EPD DISP
58174	57 EPD TAC1
58175	57 EPD TAC2
58179	57 EFD DISP
58180	57EFD2
58181	57EFD3
58183	57FARMFD
58184	57 JACKTWPPD
58186	57 RANGER
58187	57 RNGR CC
58188	57 5RVRS INV
58190	57 5RVRMP
58193	57 5RV SPEVT
58197	57 GPD LOCAL
58200	57 GVH PD
58201	57 GVH PTAC1
58202	57 GVH PTAC2
58204	57 KMC PD
58208	HARTWP RDS/LG
58211	57HHFDDISP
58213	57 HHFD 
58214	57 HHPD DISP
58215	57 HHPD RCRD
58216	57 HHPD TAC1
58217	57 HHPD TAC2
58219	57 HHPD
58223	57 HH STR1
58224	57 HH STR2
58225	57 HHPD
58228	57JTFD
58229	57JFTWP RDS
58232	57 KFD DSP
58237	57 KPD
58238	57 KPD DISP
58239	57 KPD B
58241	57 KPD SPEVT
58242	57 KPD CHSEC
58252	57 MTPD 1
58255	57 MTSTR1
58256	57 MTSTR2
58259	57 MVHP DISP
58260	57 MVHP TAC 
58262	57 GSHP DISP
58263	57 GSHP TAC 
58265	57 MBURG PD
58273	57 MOR FDSP
58277	57 MORPD DISP
58281	57 MORPD OPS
58282	57 MORPD TAC 
58285	57MOR STRS
58293	57 OAK PS
58294	57 OAKPS TAC 
58298	57 PERRY LG
58299	57 PERRY RDS
58303	57 RFD TRAIN
58307	57 RPD ENC
58308	57 RPD 1
58309	57 RIVER STR
58312	57 RTA1
58313	57 RTA2
58314	57 RTA3
58315	57 RTASUPV
58316	57 RTA
58317	57 SCC PD
58318	57 SCC TAC 1
58319	57 SCC TAC 2
58322	57 TFD TRAIN
58324	57 TPD 1
58328	57TROT STRS
58330	57 UPD
58333	57 UDPD
58334	57 UD TAC
58335	57 UD OPS1
58336	57 UD OPS2
58337	57 VANFD
58338	57 VFD ADMIN
58341	57 VPD
58342	57 VPD B
58343	57 VPD TAC 1
58347	57 VA PD
58348	57 VA TAC 1
58349	57 WCFD
58351	57 WCFD CHAT
58352	57 WCPD DSP
58353	57 WCPD TAC1
58354	57 WCPD TAC2 
58355	57 WCPD TAC3
58356	57 WTFD
58358	57 WTFD CHAT
58364	57 RTABUSES
58365	57 RTA 365
58366	57 RTA 366
58400	57OPS42
58401	57OPS43
58402	57OPS44
58403	57OPS45
58404	57OPS46
58405	57OPS47
58406	57OPS48
58408	57MEDIC4A
58409	57MEDIC4B
58410	57MEDIC4C
58411	57OPS62
58412	57OPS63
58413	57OPS64
58414	57OPS65
58415	57OPS66
58416	57OPS67
58417	57OPS68
58419	57MEDIC6A
58420	57MEDIC6B
58421	57MEDIC6C
58422	57OPS72
58423	57OPS73
58424	57OPS74
58425	57OPS75
58426	57OPS76
58427	57OPS77
58428	57OPS78
58430	57MEDIC7A
58431	57MEDIC7B
58432	57MEDIC7C
58435	57OPS82
58436	57OPS83
58437	57OPS84
58438	57OPS85
58439	57OPS86
58440	57OPS87
58441	57OPS88
58442	57OPS89
58443	57OPS8A
58444	57OPS8B
58445	57OPS8C
58446	57OPS8D
58449	57OPS92
58450	57OPS93
58451	57OPS94
58452	57OPS95
58453	57OPS96
58454	57OPS97
58455	57OPS98
58456	57OPS99
58457	57OPS9A
58458	57OPS9B
58459	57OPS9C
58460	57OPS9D
58462	57CMH
58463	57MVH
58464	57MVHS
58466	57MVHN
58467	57GVH
58468	57KMC
58469	57SMC
58470	57SVH
58471	57VAHOSP
58473	57ED1
58474	57ED2
58475	57 KMC SYCM
58478	57 CMH SEC
58501	57 DPD C-C
58502	57 DPD TAC1
58509	57 DPD EVTS
58510	57 DPD TRAFF
58515	DPD TRAIN
58516	57DMHA SEC
58519	57 DAYSIGMX
58520	57 DAYSIGMX2
58523	57 DFD CHAT
58524	57 DOA MAIN2
58525	57 DFD PREV
58526	57DFD TRCNTR
58528	57 DFD ARSON
58530	57 DFD COM
58531	57 DOA PD
58532	57 DOA RCRD
58534	57 DOA MAIN
58535	57DOAFIRE
58540	57 DOA RNWY
58542	57 DAY STR1
58543	57 DAY STR2
58547	57 DAY SANI1
58548	57 DAY SANI2
58552	57 DAY SIGN
58553	57 DHA INSP
58554	57 DHA ISP
58557	57 DAY VLM
58558	57 DAY WTR
58559	57 DAY WTR
58560	57 DAY SWRMX
58561	57 DAY WREV
58562	57 DAY WTR
58568	57 DAY SWR
58569	57 DAY WTR
58570	57 DHA INSP
58700	57ED3
58701	57HHFDDSP2
58722	57HHER
58892	HOS-3104
59000	COEMA01
59001	COEMA02
59002	COEMA03
59003	COEMA04
59004	COEMA05
59005	COEMA06
59006	COEMA07
59007	COEMA08
59008	COEMA09
59009	COEMA10
59010	COEMA11
59011	COEMA12
59012	COEMA13
59013	COEMA14
59014	COEMA15
59015	COEMA16
59016	COEMA17
59017	COEMA18
59018	COEMA19
59019	COEMA20
59020	COEMA21
59021	COEMA22
59022	COEMA23
59023	COEMA24
59024	COEMA25
59025	COEMA26
59026	COEMA27
59027	COEMA28
59028	COEMA29
59029	COEMA30
59030	COEMA31
59031	COEMA32
59032	COEMA33
59033	COEMA34
59034	COEMA35
59035	COEMA36
59036	COEMA37
59037	COEMA38
59038	COEMA39
59039	COEMA40
59040	COEMA41
59041	COEMA42
59042	COEMA43
59043	COEMA44
59044	COEMA45
59045	COEMA46
59046	COEMA47
59047	COEMA48
59048	COEMA49
59049	COEMA50
59050	COEMA51
59051	COEMA52
59052	COEMA53
59053	COEMA54
59054	COEMA55
59055	COEMA56
59056	COEMA57
59057	COEMA58
59058	COEMA59
59059	COEMA60
59060	COEMA61
59061	COEMA62
59062	COEMA63
59063	COEMA64
59064	COEMA65
59065	COEMA66
59066	COEMA67
59067	COEMA68
59068	COEMA69
59069	COEMA70
59070	COEMA71
59071	COEMA72
59072	COEMA73
59073	COEMA74
59074	COEMA75
59075	COEMA76
59076	COEMA77
59077	COEMA78
59078	COEMA79
59079	COEMA80
59080	COEMA81
59081	COEMA82
59082	COEMA83
59083	COEMA84
59084	COEMA85
59085	COEMA86
59086	COEMA87
59087	COEMA88
59088	EMA-CONW
59089	NUC-PERRY
59090	EMA-COC
59091	NWS-WILM
59092	EMA-CONE
59093	NWS-CLEV
59094	EMA-COSE
59095	NWS-PITT
59096	EMA-COSW
59097	NUC-BV
59098	NWS-CHAR
59099	NWS-NWEB
59115	HANCO1
59118	CLRKEMA1
59119	EMAOHIO
59127	CLRKEMA2
59504	ODH
59515	LHD PREBLE
59520	LHD SHELBYCO
59523	LHD GUERNSY
59537	HOS-CEN
59538	HCNW
59539	HOSP-NE
59540	HOS-NEON
59542	GDAHIN
59581	LHD CHMPGN
59582	LH COM
59589	LHD FAIRFLD
59592	LHD KNOX
59593	LHD LICKING
59596	LHD MADISON
59597	LHD MERCER
59598	LHD MIAMI
59600	LHD MNTGMRY
59603	LHD PERRY
59608	LHD UNION
59610	HOS-1101
59611	HOS-1201
59612	HOS-1901
59613	HOS-2101
59614	HOS-2301
59615	HOS-2501
59616	HOS-4201
59617	HOS-4501
59619	HOS-2502
59621	HOS-4601
59623	HOS-2503
59624	HOS-4901
59625	HOS-5401
59626	HOS-2504
59627	HOS-5501
59628	HOS-5701
59629	HOS-5901
59630	HOS-2505
59631	HOS-5702
59632	HOS-6401
59633	HOS-2506
59634	HOS-5703
59635	HOS-6501
59636	HOS-6801
59637	HOS-2507
59638	HOS-5704
59639	HOS-7101
59640	HOS-7501
59641	HOS-2508
59642	HOS-5705
59644	HOS-2509
59645	HOS-5706
59647	HOS-8001
59648	HOS-2510
59649	HOS-5707
59650	LHD CLARK
59651	LHD NCLSLE
59652	HOS-2511
59653	HOS-5708
59657	HOS-2512
59658	HOS-5709
59660	LHD WCEN
59664	HOS-2302
59665	HOS-2513
59669	LHD CONNEAUT
59672	LHD SALEM
59676	LHD ASHTCO
59677	LHD ASHTCY
59678	LHD CLMBANA
59679	LHD ELVRPOL
59683	LHD CYAHOGA
59684	LHD CLVLND
59685	LKWOOD
59686	LHD SHKRHTS
59690	LHD GEAUGA
59694	LHD HENRY
59695	LHD HOLMES
59698	LHD LAKE
59699	LHD LORAINCO
59700	LHD ELYRIA
59701	LHD LORAINCY
59703	LHD MAHONING
59704	LHD YNGSTN
59707	LHD MEDINA
59711	LHD PORTAGE
59712	LHD KENT
59713	LHD RAVENNA
59714	LHD PUTNAM
59717	LHD SANDSKY
59719	LHD STARK
59720	LHD CANTON
59721	LHD ALLIANCE
59722	LHD MASSILON
59723	LHD SUMMIT
59726	LHD TRUMBULL
59729	LHD WARREN
59730	LHD VANWERT
59731	LHD WAYNE
59735	HOS-0201
59736	HOS-0301
59737	HOS-0401
59738	HOS-1501
59739	HOS-0202
59740	HOS-0402
59741	HOS-1502
59742	HOS-1701
59743	HOS-0203
59744	HOS-0403
59747	HOS-1801
59749	HOS-0404
59750	HOS-1703
59751	HOS-1802
59752	HOS-2001
59753	HOS-2201
59754	HOS-1803
59755	HOS-2002
59757	HOS-2601
59758	HOS-1804
59760	HOS-3201
59761	HOS-3301
59762	HOS-1805
59764	HOS-1806
59767	HOS-1807
59769	HOS-3901
59770	HOS-1808
59771	HOS-3902
59772	UHHS
59773	HOS-4701
59774	HOS-4801
59775	HOS-1809
59777	HOS-4302
59778	HOS-4702
59779	HOS-4802
59780	HOS-1810
59782	HOS-1811
59785	HOS-5001
59786	HOS-1812
59787	HOS-4704
59788	HOS-4804
59789	HOS-1813
59790	HOS-4805
59791	HOS-5002
59793	HOS-4703
59794	HOS-1814
59795	HOS-4809
59798	HOS-5201
59799	HOS-6201
59800	HOS-18xx
59802	HOS-5004
59804	HOS-1816
59805	HOS-4808
59808	HOS-6301
59809	HOS-1817
59814	HOS-6701
59817	HOS-7001
59818	HOS-7201
59819	HOS-1820
59820	HOS-7002
59821	HOS-1821
59823	HOS-7202
59824	HOS-7401
59825	HOS-7601
59828	HOS-7203
59829	HOS-7402
59830	HOS-7602
59835	HOS-7701
59836	HOS-7801
59837	HOS-8101
59838	HOS-7604
59839	HOS-7702
59840	HOS-7802
59841	HOS-8501
59842	HOS-8601
59843	HOS-7605
59844	HOS-7703
59846	HOS-8502
59847	HOS-7704
59850	HOS-8701
59851	HOS-7705
59860	HOS-7706
59863	ODH-SW
59878	LHD HIGHLND
59880	HOS-3101
59881	LHD LAWRENCE
59883	HOS-3102
59886	LHD SCIOTO
59888	LHD PRTSMTH
59890	LHD WARREN
59891	HOS-0101
59893	HOS0801
59894	HOS-0901
59895	HOS-3601
59897	HOS-0902
59898	XHOS1301
59901	HOS-3107
59903	HOS-3108
59904	HOS-2401
59905	CARECOM
59906	HOS-3109
59908	HOS-2701
59909	HOS2901
59910	HOS-3110
59911	HOS-3602
59912	HOS2902
59915	HOS-3106
59916	CARE-AIR
59917	HOS-3112
59918	HOS-4001
59919	CAREGRD
59920	HOS-3113
59921	CAREADM
59923	HOS-6601
59924	HOS-7301
59926	CARE-FLT
59928	HOS-2003
59929	HOS-4705
59930	VA HOSP
59931	WPAFB MC
59934	HOS-0802
59940	LHD BELMONT
59941	LHD CARROLL
59942	LHD COSHCTN
59943	LHD CSHCTNCY
59945	HOS-8401
59947	LHD HARRISN
59948	HOS-6002
59949	HOS-8402
59950	LHD HOCKING
59951	LHD JEFFRSN
59955	LHD STBVILLE
59956	HOS-0701
59960	HOS-0702
59961	HOS-0502
59963	HOS-0703
59964	ZNSVLLE
59966	HOS-1601
59968	LHD TSCARWAS
59969	LHD NPHILY
59970	ODH-SE
59973	HOS-3001
59974	HOS-3401
59975	HOS-3701
59978	HOS-4102
59982	HOS-7901
59984	HOS-7902
59985	HOS-2303
59990	HOS-4301
59993	HOS-2103
59994	HOS-83xx
59996	HOS-2516
59997	HOS-2517
59999	HOS-2102
60014	RED CROSS
60505	CSXOH01
60508	CSXOH02
60510	NSPDCH1
60513	NSPDCH2
60700	HOS-2519
60728	HOS-2520
60729	HOS-2104
60730	HOS-7005
60731	HOS-2521
60736	HOS-7006
60738	BERG MX
60740	BERG SEC
61001	25EVT-1
61002	25EVT-2
61003	25EVT-3
61004	25EVT-4
61005	25EVT-5
61006	25EVT-6
61007	25EVT-7
61008	25EVT-8
61009	25EVT-9
61010	25EVT-10
61011	25EVT-11
61012	25EVT-12
61013	25EVT-13
61014	25EVT-14
61015	25EVT-15
61016	25EVTATG
61028	PSAP ALERT
61030	SO25WEST
61031	SO25TAC1W
61032	SO25TAC2W
61033	SO25EAST
61034	SO25TAC1E
61035	SO25TAC2E
61037	SO25LEADS
61038	SO25RCRDS
61039	SO25EVT1
61040	SO25EVT2
61041	SO25EVT3
61042	SO25EVT4
61043	SO25SIU1
61047	SO25INVW
61048	CC1 MAIN
61049	CC1 ALT
61050	CC2 MAIN
61051	CC2 ALT
61052	SO25PTX
61053	SO25COURT
61054	SEC CTL1
61055	SEC CTL2
61060	BLEN OPS
61062	CLIN OPS
61063	FRAN OPS
61064	GVPT OPS
61065	HARR OPS
61066	MADI OPS
61067	MIFF OPS
61068	MNPK OPS
61069	OBTZ OPS
61070	VALL OPS
61078	SHAR OPS
61079	PERRY OPS
61080	SW ALERT
61081	SW EMS
61082	SW OPS
61083	SW FG-1
61084	SW TAC-1
61085	SW FG-2
61086	SW TAC-2
61087	SW FG-3
61088	SW TAC-3
61089	SW ATG
61090	SW-TNRG 1
61091	SW-TNRG 2
61092	SW-TNRG 3
61093	SW STAGE
61096	JT-SRVC
61097	PL-SRVC
61098	GCP-PTL1
61100	GCP-TAC1
61103	GCP-DET
61106	GC SRVC1
61112	GCADMIN
61116	SW PD-FD
61117	SW-MUTL 1
61118	SW-MUTL 2
61119	SW-EVNT 1
61120	SW-EVNT 2
61121	SW-EVNT 3
61122	SW-EVNT 4
61140	B15 OPS1
61141	B15 OPS2
61142	WXNET-1
61179	GT GRN
61180	CMH DISP
61181	CRAA TAC
61182	CMH ARFF
61183	CMH FG
61184	LCK DISP
61185	LCK ARFF
61186	LCK FG
61187	CRAA EV1
61188	CRAA EV2
61189	CMH TWR
61191	TZR TWR
61193	CMH AFM
61194	CMH MTX
61198	LCK-FBO
61199	GT BLUE
61200	GT RED
61201	GT EMPL
61203	CBUS-1
61204	CBUS-2
61205	CBUS-3
61206	CBUS-4
61207	CPARA-1
61208	CPARA-2
61209	CPARA-3
61210	CMAINT-1
61211	CMAINT-2
61212	CMAINT-3
61213	CMAINT-4
61214	CADMIN-1
61215	CADMIN-2
61216	CADMIN-3
61217	CADMIN-4
61222	DT MAINT
61223	DT ENG
61224	TRADES
61225	EC-CORR
61230	JDC-1A
61235	ENG ALL
61236	ENG WEST
61237	ENG EAST
61240	ANMCTL1
61241	ANMCTL2
61252	DD BUS E
61253	DD BUS W
61259	RPD DISP
61260	RPD TAC1
61261	RPD TAC2
61262	RPD-DET
61263	RPD-EVT
61284	CUPD DSP
61340	SW FG-4
61341	SW TAC-4
61346	METPKDSP
61347	METPKTAC
62502	77 PSAP
62505	AK BOE BUCHTEL
62507	AK BOE FIRSTONE
62509	AK BOE LITCHFLD
62510	AK BOE SEC
62511	AK BOE T
62514	AK COM
62516	AK FD ADMIN5
62517	AK FD ADMIN6
62519	AK FD ADMIN8
62539	77 RADIOTECH
62541	AK EVENT1
62542	AK EVENT2
62543	AK EVENT3
62544	AK EVENT4
62545	AK EVENT5
62546	AK EVENT6
62547	AK EVENT7
62548	AK EVENT8
62549	AK EVENT9
62550	AK EVENT10
62551	AK EVENT11
62552	AK EVENT12
62553	AK PD ATG
62571	AK PD SVC
62573	AK PD S/E-1
62574	AK PD S/E-3
62579	AK PF SVC
62580	AK BAILIFF
62581	AK BLDG MAINT
62582	AK CUST SVC
62584	AK HIGHWAY
62585	AK EXPRESSWAY
62586	AK MOTOREQ
62587	AK PARKS
62588	AK REC
62589	AK SANITATION
62590	AK LEAF1
62591	AK LEAF2
62592	AK SEWER
62593	AK SNOW/ICE
62594	AK ST-CLN
62595	AK  TE PAINT
62596	AK TE SIGNAL
62597	AK W/DISP
62598	AK W/METER
62599	AK PW W/POLL
62600	AK W/SUPLY
62603	BA FD DISP
62604	BA FD2
62607	BA PD DISP
62608	BA PD2
62612	BA FLAG
62614	BA PW2
62617	BH PW1
62621	BR COURT
62623	SWSCOM EMERG
62624	BR FD1
62625	NO FD DISP
62631	BR PD EVENT1
62633	BR PD1
62635	BR PD SWAT1
62637	BR PW1
62638	CAK AIR OPS1
62642	CAK TOWER
62643	CF FD ADMIN
62644	CF FD ALERT1
62645	CF FD ALERT2
62646	CF FD ALERT3
62647	CF FD ALERT4
62648	CF FD ALERT5
62650	CF FD EMS1
62651	CF FD EMS2
62652	CF FD1
62653	CF FG1
62654	CF FG2
62657	CF PD DB1
62659	CF EMERG
62661	CF PD1
62662	CF PD2
62664	CF PD TAC1
62665	CF PD TAC2
62669	CN PD1
62670	CN PD2
62674	CP FG13
62675	CP FG14
62676	CP FD1
62679	CP FD PAGE
62681	CP PD1
62682	CP PD2
62687	CP PW1
62689	CV FD ALERT16
62694	CV FD OPS
62697	FA FD1
62698	FA FD2
62701	FA PD1
62702	FA PD2
62704	FA PW DISP
62707	FA PW1
62709	GR FD ALERT1
62712	GR FD OPS19
62721	HU PD1
62722	HU PD2
62725	LA FD ALERT21
62727	LA FD OPS21
62728	LA PD CAR-CAR
62733	LA PD TAC1
62740	77 MAC-02
62741	77 MAC-03
62742	77 MAC-04
62743	77 MAC-05
62744	77 MAC-06
62745	77 MAC-07
62746	77 MAC-08
62747	77 MAC-09
62748	77 MAC-10
62749	77 MAC-11
62750	77 MAC-12
62751	77 MAC-13
62752	77 MAC-14
62753	77 MAC-15
62754	77 MAC CALL
62759	MC PD1
62762	77 MERC-02
62763	77 MERC-03
62764	77 MERC-04
62765	77 MERC-05
62766	77 MERC-06
62767	77 MERC-07
62768	77 MERC-08
62769	77 MERC-09
62770	77 MERC-10
62771	77 MERC-11
62772	77 MERC-12
62773	77 MERC-13
62774	77 MERC-14
62775	77 MERC-15
62776	77 MERC CALL
62777	MF LOC GOV
62778	MF FD1
62779	MF FG2
62781	MF PD CAR-CAR
62785	MG FG2
62786	MG FG3
62787	MG PD CAR-CAR
62789	MG PD TAC1
62790	MG PW1
62791	77 MTRPRK OPS1
62792	77 MTRPRK OPS2
62793	77 MTRPRK RNGR1
62794	77 MTRPRK RNGR2
62795	77 VS
62797	RTA COMMON
62798	RTA LINE
62799	RTA MAINT
62800	RTA SCAT
62801	RTA SUPV
62806	AK FD ALERT
62809	NF EMERG
62810	NF FD1
62817	NF PD1
62818	NF PD2
62824	NO FD PAGE
62826	NO PD1
62827	NO PD2
62828	NO PW1
62831	NV FD1
62839	PE PD DISP
62841	PE PD TAC1
62843	PE PD TRAF
62844	PE ROAD
62856	RF FD DISP
62857	RF FG1
62863	RF PD DETAIL
62864	RF PD DISP
62865	RF PD2
62869	RF BERM
62870	RF CEMT
62871	RF ROAD
62872	RF SERVICE
62876	77 RADIOTECH
62882	77 ENG1
62883	77 ENG2
62899	77 DOES ADMIN
62900	77 DOES1
62901	77 DOES2
62902	77 DOES3
62903	77 DOES SUPV
62907	MG LSD BUS
62909	77 JD MASTER
62910	77 JD PROB
62919	77 SO JAIL1
62920	77 SO JAIL2
62927	77 SO DISP1
62932	77 SO SPEV5
62933	77 SO SPEV6
62936	77 PP CUSTODL
62938	77 PP JAIL
62941	77 PP MAINT
62946	SL PD CAR
62950	SP FD ALERT
62952	SPLA FD/PD
62956	SP FD OPS
62957	SP PD2
62958	SP PD1
62959	SP PD TAC1
62962	SS COM1
62964	SS COM2
62966	SS COM3
62968	SS COM4
62998	ST FD1
62999	ST FG1
63000	13FIRE1
63001	13FG3
63002	13FG4
63003	13FG5
63004	13FG6
63005	13FG7
63006	13FG8
63007	13FG9
63008	13FG10
63009	13FG11
63010	13FG12
63011	13FG13
63012	13FG14
63013	13FG15
63014	13FG16
63015	13FG17
63016	13FG18
63017	13FCTA
63018	13FACTA
63019	13FGEP
63020	13DISPCH
63021	13INQRY
63022	13TAC1
63023	13TAC2
63024	13TAC3
63025	13TAC4
63026	13TAC5
63027	13ACINV
63028	13IC1
63029	13IC2
63030	13IC3
63031	13IC4
63032	13TRNG5
63033	13TRNG6
63034	13EVNT7
63035	13EVNT8
63036	13TRANS1
63037	13TRANS2
63038	13CCHELP
63039	13CPLEAS
63040	13DJFS
63041	13MUNI
63042	13COMSRV
63043	13RADSRV
63044	13ACTA
63045	13HOSP1
63046	13HOSP2
63047	13HUMANE
63048	13CORONER
63049	13FBI
63050	13EMA
63051	13JUVCT
63052	13JDC
63053	13UCPOL
63054	13MHRB
63055	13ENGHL
63056	13LIFEFT
63057	13MEDVAC
63058	13CAREFT
63059	13MEDFLT
63060	13AMEL1
63061	13AMEL2
63062	13AMEL3
63063	13BAT1
63064	13CENTL1
63065	13CENTL2
63066	13CENTL3
63067	13BETHL1
63068	13BETHL2
63069	13BETHL
63070	13FELIC1
63071	13FELIC2
63072	13FELIC3
63073	13GOSH1
63074	13GOSH2
63075	13GOSH3
63076	13JACK1
63077	13JACK2
63078	13JACK3
63079	13NECP1
63080	13NECP2
63081	13NECP3
63082	13NECP4
63086	13NECFD
63087	13NECFG1
63088	13NECFG2
63089	13NECFG3
63090	13NECFG4
63091	13NECFG5
63092	13MIAMI1
63093	13MIAMI2
63094	13MIAMI3
63095	13MIAMI4
63096	13MILFD1
63097	13MILFD2
63098	13MILFD3
63099	13MONRO1
63100	13MONRO2
63101	13MONRO3
63102	13WAYNE1
63103	13WAYNE2
63104	13WAYNE3
63105	13NEWRC1
63106	13NEWRC2
63107	13NEWRC3
63108	13OWENS1
63109	13OWENS2
63110	13OWENS3
63111	13STNLK1
63112	13STNLK2
63113	13STNLK3
63114	13STNMT1
63115	13STNMT2
63116	13PIERC1
63117	13PIERC2
63118	13PIERC3
63119	13UTFD4D
63120	13UTFD2
63121	13UTFD3
63122	13UTFD4
63123	13UTPD1
63124	13UTPD2
63125	13UTPD3
63126	13UTPD4
63127	13WASH1
63128	13WASH2
63129	13WASH3
63130	13WBURG1
63131	13WBURG2
63132	13WBURG3
63141	13DIVETM
63153	13AIRCR1
63154	13AIRCR2
63155	13AIRCR3
63156	13NECPW
63157	13NECAD
63158	13FLEET1
63170	13ENG-1A
63171	13ENG-1B
63172	13ENG-1C
63173	13ENG1
63174	13ENGMAN
63175	13ENGMAS
63500	OSU-HSEC
63509	OSU-HFE3
63515	OSU-HDIS
63518	OSU-HE1
63522	OSU-DPS1
63523	OSU-DPS2
63524	OSU-DPS3
63525	OSU-DPS4
63526	OSU-TM1
63530	OSU-T1
63531	OSU-T2
63532	OSU-T3
63533	OSU-T4
63540	OSU-FO4
63552	OSU-FOD
63554	OSU-EH1
63555	OSU EOHS-2
63557	OSU-SFP1
63558	OSU-SFP2
63559	OSU-SFP3
63560	OSU-SSS1
63561	OSU-SSS2
63567	OSU UNIV-1
63569	OSU SE-1
63594	SCHT-1
63595	SCHT-2
63596	SCHT-3
63597	SCHT-4
63598	SCHT-5
63600	SCHT-7
63613	OSU-CFD IC
63616	OSU-POWR
63617	OSU-REDX
63626	OSU-P1
63627	OSU-CFD T1
63628	OSU-P2
63631	OSU-P3
63632	OSU-CFD T2
63634	OSU-CFD FG
63656	LHD AKRON
64100	ODOT01-MTC3
64101	ODOT01-MTC4
64102	ODOT01-EOC
64103	ODOT02 NORTH-OP
64104	ODOT02-MTC3
64105	ODOT02-MTC4
64106	ODOT02-EOC
64107	ODOT03-MTC3
64108	ODOT03-MTC4
64109	ODOT03-EOC
64110	ODOT04-EOC
64111	ODOT04-BRDG
64112	ODOT04-EAST
64113	ODOT04-WEST
64114	ODOT05-MTC3
64115	ODOT05-MTC4
64116	ODOT05-EOC
64117	ODOT06-FRA2
64118	ODOT06-FRA3
64119	ODOT06-EOC
64120	ODOT07 LYONS-OP
64121	ODOT07-MTC3
64122	ODOT07-EOC
64123	ODOT08-HAM2
64124	ODOT08-HAM3
64125	ODOT08-MTC4
64126	ODOT08-EOC
64127	ODOT09-MTC3
64128	ODOT09-MTC4
64129	ODOT09-EOC
64130	ODOT10-MTC3
64131	ODOT10-MTC4
64132	ODOT10-EOC
64133	ODOT11-MTC3
64134	ODOT11-MTC4
64135	ODOT11-EOC
64136	ODOT12-CUY2
64137	ODOT12-CUY3
64138	ODOT12-CUY4
64139	ODOT12-CUY5
64140	ODOT12-EOC
64141	CO-MTC5
64142	CO-MTC6
64143	ODOT06-TRFC
64144	67AFDISP
